property_type,property_price,property_address,property_details,property_area,property_description,property_mls_info,property_href,location,near_schools,walkscore_url,walkscore
Single Family Residence,"$1,029,000 ","261 S California St, San Gabriel, CA 91776",4 beds | 4 bath | year built in: 2007,"2,186","A Charming Two-Story Home Is Situated On A Beautiful Street In Center Of San Gabriel. This 2.186 sq.ft Home Features 6 Bedrooms And 4 Bathrooms. The Front Entrance Leads You To An Open And Bright Living Room With A Lovely Fireplace, Formal Dining Area, And Family Room. The Spacious Kitchen Featuring Granite Counter Tops And Stainless Appliances. New Paint(In could Garage Wall & Ground), New Floors, New TV, Tankless Water Heater, Alarm System Cover The Whole House. Formal Familyroom With Sliding Door Leading You To The Backyard. The Beautiful Backyard Offers Rest Area And Open Flat Area For Entertainment.  Detached 2-Car Garage, And Central A/C. This Home Is Close To School, Park, Minutes Way To Markets, Restaurants, And 10/210 Freeways. Come Visit And Make It Your Dream Home!!!","['MLS # : CRWS20014543', 'MLS Source : CRMLS', 'Days on Site : 1', 'Bedrooms : Ground Floor Bedroom', 'Bathrooms : -', 'Kitchen : -', 'Dining Room : -', 'Family Room : -', 'Fireplace : Living Room', 'Flooring : -', 'Laundry : In Garage', 'Cooling : Central Forced Air', 'Heating : Central Forced Air', 'Roof : -', 'Foundation : -', 'Pool : None', 'Style : -', 'Horse Property : -', 'Garage/Parking : Garage: 2 Car(s)', 'Elementary District : San Gabriel Unified', 'High School District : San Gabriel Unified', 'Unit Levels : -', 'Sewer : -', 'Water : -', 'HOA Fee : $160', 'Complex Amenities : Playground', 'Zoning : SLR1YY']",https://www.mlslistings.com/property/crws20014543/261-s-california-st-san-gabriel-ca-91776/10429980,lat=34.0744838 | lng=-118.0929449,"['Dewey Avenue Elementary School Public K-6 0.19 mi 7', 'Gabrielino High School Public 9-12 0.67 mi 9', 'Mildred B. Janson Elementary School Public PK-6 0.72 mi 8', 'McKinley Elementary School Public K-5 0.73 mi 6', 'Willard (Frances E.) Elementary School Public K-6 0.82 mi 5', 'Emma W. Shuey Elementary School Public PK-6 0.85 mi 8', 'Emerson (Ralph Waldo) Elementary School Public K-6 0.9 mi 6', 'Garvey (Richard) Intermediate School Public 7-8 1.1 mi 7', 'Muscatel Middle School Public 7-8 1.15 mi 7', 'Sanchez (George I.) Elementary School Public K-6 1.19 mi 6', 'Bitely (Arlene) Elementary School Public K-6 1.21 mi 7', 'Temple (Roger W.) Intermediate School Public 7-8 1.31 mi 7', 'Mark Keppel High School Public 9-12 1.33 mi 10', 'Rosemead High School Public 9-12 1.39 mi 7', 'San Gabriel High School Public 9-12 1.49 mi 8', 'Rice (Eldridge) Elementary School Public K-6 1.52 mi 6', 'Roosevelt Elementary School Public K-5 1.65 mi 4', 'Savannah Elementary School Public PK-6 1.65 mi 6', 'Monterey Vista Elementary School Public K-6 1.66 mi 9', 'Encinita Elementary School Public PK-6 1.7 mi 5']",https://www.walkscore.com/score/loc/lat=34.0744838/lng=-118.0929449/?utm_source=mlslistings.com&utm_medium=ws_api&utm_campaign=ws_api,73
Manufactured In Park,"$52,000 ","950 California St #31, Calimesa, CA 92320",2 beds | 1 bath | year built in: 1971,800,"Senior Park, Very Well maintained 2 Bedroom and 2 Bath . Washer and dryer included","['MLS # : CREV20014363', 'MLS Source : CRMLS', 'Days on Site : 2', 'Bedrooms : -', 'Bathrooms : -', 'Kitchen : Dryer,  Washer', 'Dining Room : -', 'Family Room : -', 'Fireplace : -', 'Flooring : -', 'Laundry : In Kitchen', 'Cooling : -', 'Heating : Central Forced Air', 'Roof : -', 'Foundation : -', 'Pool : Community Facility', 'Style : -', 'Horse Property : -', 'Garage/Parking : Garage: 0 Car(s)', 'Elementary District : -', 'High School District : -', 'Unit Levels : One', 'Sewer : -', 'Water : -', 'HOA Fee : $0', 'Complex Amenities : -', 'Zoning : -']",https://www.mlslistings.com/property/crev20014363/950-california-st-31-calimesa-ca-92320/10428689,lat=34.002145 | lng=-117.039904,"['Calimesa Elementary School Public K-5 0.45 mi 2', 'Green Valley High School Public 9-12 1.24 mi N/A', 'Green Valley Independent Study School Public 1-12 1.24 mi N/A', 'Wildwood Elementary School Public K-5 1.28 mi 5', 'Mesa View Middle School Public 6-8 1.77 mi 5']",https://www.walkscore.com/score/loc/lat=34.002145/lng=-117.039904/?utm_source=mlslistings.com&utm_medium=ws_api&utm_campaign=ws_api,27
Land,"$186,000 ","0 California Ave, Victorville, CA 92392",- beds | - bath | year built in: -,-,"This is a rectangular flat lot, right next to a shopping center and a funeral home, surrounded by business and office buildings. This is a Commercial vacant lot in an excellent location.","['MLS # : CRCV20014526', 'MLS Source : CRMLS', 'Days on Site : 2', 'Garage/Parking : -', 'Elementary District : -', 'High School District : -', 'Unit Levels : -', 'Sewer : -', 'Water : Other', 'HOA Fee : $0', 'Complex Amenities : -', 'Zoning : D0']",https://www.mlslistings.com/property/crcv20014526/0-california-ave-victorville-ca-92392/10428889,lat=34.4854334 | lng=-117.4203974,"['Vista Verde Elementary School Public K-5 1.22 mi 2', 'Mesa Linda Middle School Public 6-8 1.71 mi 1', 'Morgan/Kincaid Preparatory School Of Integrated Studies Public K-5 1.76 mi 3', 'Eagle Ranch School Public K-5 1.87 mi 1', 'Columbia Middle School Public 6-8 1.96 mi 1']",https://www.walkscore.com/score/loc/lat=34.4854334/lng=-117.4203974/?utm_source=mlslistings.com&utm_medium=ws_api&utm_campaign=ws_api,0
Land,"$799,900 ","1 California, Hemet, CA 92545",- beds | - bath | year built in: -,-,"FANTASTIC FOR DEVELOPMENT, this 10+/- acre lot (property is two parcels; second APN is 455370009) near Reinhardt Canyon AND overlooking the Four Seasons below in Hemet has had extensive grading and site work completed. Several approvals that are now expired may be renewed.  Plans for 21 lots. Complete the VISION and build the current owners' specific plan of 7 Villas with 5 condos in each Villa or create your own! The new owner may be able to become a part of the Four Seasons below--it was originally. Buyers to conduct all investigations to satisfy themselves. THE VIEWS ARE BREATHTAKING! Check out the photos.","['MLS # : CROC20013391', 'MLS Source : CRMLS', 'Days on Site : 3', 'Garage/Parking : -', 'Elementary District : -', 'High School District : -', 'Unit Levels : -', 'Sewer : -', 'Water : -', 'HOA Fee : $0', 'Complex Amenities : -', 'Zoning : LSI']",https://www.mlslistings.com/property/croc20013391/1-california-hemet-ca-92545/10427480,None,"['Ellen Ochoa Learning Center Public K-8 0.06 mi 2', 'Elizabeth Learning Center Public K-12 0.43 mi 3', 'Park Avenue Elementary School Public K-6 0.45 mi 2', 'Jaime Escalante Elementary School Public K-6 0.69 mi 4', 'Bell Gardens Elementary School Public K-5 0.71 mi 4', 'Woodlawn Avenue Elementary School Public K-5 0.81 mi 4', 'Bell Gardens Intermediate School Public 6-8 0.82 mi 3', 'Teresa Hughes Elementary School Public K-6 0.94 mi 4', 'Bell Senior High School Public 9-12 0.96 mi 4', 'Nueva Vista Elementary School Public K-5 1.22 mi 5', 'Maywood Academy High Public 9-12 1.33 mi 3', 'Heliotrope Avenue Elementary School Public K-5 1.33 mi 3', 'Cesar E. Chavez Elementary School Public K-5 1.34 mi 4', 'Corona Avenue Elementary School Public K-5 1.38 mi 4', 'Garfield Elementary School Public K-5 1.4 mi 3', 'Bell Gardens High School Public 9-12 1.43 mi 3', 'Bell Gardens Adult Public n/a 1.46 mi N/A', 'Martha Escutia Primary Center Public K 1.5 mi N/A', 'Maywood Center For Enriched Studies Public 6-12 1.52 mi N/A', 'South Gate Middle School Public 6-8 1.54 mi 4']",https://www.walkscore.com/score/loc/lat=33.9667212/lng=-118.1766294/?utm_source=mlslistings.com&utm_medium=ws_api&utm_campaign=ws_api,None
Single Family Residence,"$399,000 ","6339 California Ave, Bell, CA 90201",3 beds | 1 bath | year built in: 1921,806,"Beautiful turnkey home, with all the charm and warmth you could ask for.  Has been fully remodeled!!  New roof, new foundation central heating and air conditioner.  Too much to mention  A MUST SEE!!!","['MLS # : CRPW20012287', 'MLS Source : CRMLS', 'Days on Site : 6', 'Bedrooms : Ground Floor Bedroom', 'Bathrooms : -', 'Kitchen : Other', 'Dining Room : -', 'Family Room : -', 'Fireplace : None', 'Flooring : -', 'Laundry : Other', 'Cooling : Central Forced Air', 'Heating : -', 'Roof : -', 'Foundation : -', 'Pool : None', 'Style : -', 'Horse Property : -', 'Garage/Parking : Garage: 1 Car(s)', 'Elementary District : -', 'High School District : -', 'Unit Levels : -', 'Sewer : -', 'Water : -', 'HOA Fee : $0', 'Complex Amenities : -', 'Zoning : BLC3R*']",https://www.mlslistings.com/property/crpw20012287/6339-california-ave-bell-ca-90201/10425557,lat=33.9667212 | lng=-118.1766294,"['Rancho Learning Center (Alternative) Public 1-12 0.11 mi 5', 'First Avenue Middle School Public 6-8 0.37 mi 9', 'Monrovia High School Public 9-12 0.66 mi 7', 'Camino Grove Elementary School Public K-5 0.86 mi 9', 'Richard Henry Dana Middle School Public 6-8 0.96 mi 9', 'Arcadia High School Public 9-12 1.06 mi 9', 'Foothills Middle School Public 6-8 1.12 mi 10', 'Santa Fe Middle School Public 6-8 1.17 mi 6', 'Mayflower Elementary School Public K-5 1.38 mi 7', 'Holly Avenue Elementary School Public K-5 1.46 mi 10', 'Clifton Middle School Public 6-8 1.61 mi 7', 'Plymouth Elementary School Public K-5 1.68 mi 6', 'Monroe Elementary School Public K-5 1.68 mi 6', 'Highland Oaks Elementary School Public K-5 1.7 mi 9', 'Wild Rose Elementary School Public K-5 1.87 mi 4', 'Baldwin Stocker Elementary School Public K-5 1.92 mi 9', 'Maxwell Elementary School Public K-7 1.95 mi 5']",https://www.walkscore.com/score/loc/lat=34.1371117/lng=-118.0219608/?utm_source=mlslistings.com&utm_medium=ws_api&utm_campaign=ws_api,66
Townhouse,"$999,900 ","357 California St, Arcadia, CA 91006",3 beds | 3 bath | year built in: 2000,"2,484","Beautiful 2-story detached townhouse built in 2000. Gated complex. Arcadia Schools!! Features 3 bedrooms, 3 full bathroom, 2,485 SF of
living area. new vinyl floor on the first floor, new interior paints, living room with high ceiling, fireplace, double door entrance, formal dining room and family room. Kitchen with granite counter-top, stainless steel appliances. Spacious master suite with large closet, jacuzzi tub. Wooden window shutters throughout, bonus upstairs loft area, laundry room. Backyard patio for entertaining and 2-car attached garage with direct access to the unit. Low HOA dues.","['MLS # : CRAR20011493', 'MLS Source : CRMLS', 'Days on Site : 7', 'Bedrooms : Master Suite/Retreat', 'Bathrooms : Jack and Jill', 'Kitchen : -', 'Dining Room : Breakfast Nook, Formal Dining Room', 'Family Room : Other, Separate Family Room', 'Fireplace : Living Room', 'Flooring : -', 'Laundry : Hookup - Gas Dryer, In Closet', 'Cooling : Central Forced Air', 'Heating : Central Forced Air, Forced Air', 'Roof : -', 'Foundation : -', 'Pool : None', 'Style : -', 'Horse Property : -', 'Garage/Parking : Garage, Garage: 2 Car(s)', 'Elementary District : Arcadia Unified', 'High School District : Arcadia Unified', 'Unit Levels : -', 'Sewer : -', 'Water : -', 'HOA Fee : $175', 'Complex Amenities : Playground', 'Zoning : ARR3YY']",https://www.mlslistings.com/property/crar20011493/357-california-st-arcadia-ca-91006/10424864,lat=34.1371117 | lng=-118.0219608,"['Wing Lane Elementary School Public K-5 0.12 mi 4', 'William Workman High School Public 9-12 0.39 mi 5', 'Grandview, College Preparatory Academy Public K-8 0.62 mi 4', 'Valinda School Of Academics Public K-8 0.65 mi 5', 'Del Valle Elementary School Public K-6 0.84 mi 5', 'Sierra Vista Middle School Public 6-8 1.01 mi 3', 'Workman Elementary School Public PK-6 1.06 mi 4', 'Hurley Elementary School Public K-6 1.11 mi 5', 'Villacorta Elementary School Public K-6 1.26 mi 2', 'Rowland Assistive Technology Academy Public K-12 1.26 mi N/A', 'Fairgrove Academy Public K-8 1.31 mi 7', 'Northam Elementary School Public K-6 1.35 mi 4', 'La Puente High School Public 9-12 1.44 mi 6', 'Giano Intermediate School Public 7-8 1.54 mi 2', 'Baldwin Academy Public K-6 1.6 mi 6', 'Sparks Middle School Public 7-8 1.63 mi 5', 'Sparks Elementary School Public K-6 1.75 mi 4', 'Yorbita Elementary School Public K-6 1.81 mi 4', 'California Elementary School Public PK-6 1.86 mi 7', 'Coronado High (Continuation) School Public 9-12 1.89 mi N/A']",https://www.walkscore.com/score/loc/lat=34.0274622/lng=-117.9307584/?utm_source=mlslistings.com&utm_medium=ws_api&utm_campaign=ws_api,66
Single Family Residence,"$519,000 ","863 N California Ave, La Puente, CA 91744",3 beds | 2 bath | year built in: 1960,"1,230","An excellent starter home for any family! The home located in a quiet residential neighborhood and features 3 Bedrooms, 2 Bathrooms, along with TWO additional bonus rooms that can be used as extra bedrooms, office, family room, or hobby room, the possibilities are endless. The home has been freshly painted throughout, laminate and recesses lighting throughout, ceilings fans, newer AC unit, including natural light in all the bedrooms. The kitchen has been remodeled and features an open floor plan next to your dining area, custom cabinets, granite countertops, and can include all appliances if newer buyer wishes, or can be removed. 
The backyard is great for entertaining family, and friends all year long and ready for winter or warm summer days with its covered patio section, next to fruit trees. The long driveway provides plenty of extra parking (3-4 extra cars) and goes great with your attached double two-car garage that has plenty of storage space, along with washer and dryer hookups inside, a water softener tank, and a back door that leads to your backyard for easy access. The home is conveniently located 3 BLOCKS away from Sparks Elementary School, 3 Blocks from Fred M. Sparks Junior Highschool, about 4 blocks from Bishop Amat memorial Highschool, a b","['MLS # : CRSB20010751', 'MLS Source : CRMLS', 'Days on Site : 8', 'Bedrooms : Ground Floor Bedroom', 'Bathrooms : -', 'Kitchen : -', 'Dining Room : -', 'Family Room : Other', 'Fireplace : None', 'Flooring : -', 'Laundry : In Garage', 'Cooling : Central Forced Air', 'Heating : Central Forced Air', 'Roof : -', 'Foundation : -', 'Pool : None', 'Style : -', 'Horse Property : -', 'Garage/Parking : Garage: 2 Car(s)', 'Elementary District : Hacienda la Puente Unified', 'High School District : Hacienda la Puente Unified', 'Unit Levels : -', 'Sewer : -', 'Water : Other', 'HOA Fee : $0', 'Complex Amenities : -', 'Zoning : LCA106']",https://www.mlslistings.com/property/crsb20010751/863-n-california-ave-la-puente-ca-91744/10422986,lat=34.0274622 | lng=-117.9307584,"['Longfellow Elementary School Public K-5 0.57 mi 7', 'Hughes Middle School Public 6-8 0.68 mi 7', 'Los Cerritos Elementary School Public K-5 0.72 mi 9', 'Birney Elementary School Public K-5 0.92 mi 6', 'Robinson Academy Public K-8 1.04 mi 6', 'Muir K-8 Public K-8 1.38 mi 7', 'Lafayette Elementary School Public K-5 1.42 mi 7', 'Webster Elementary School Public K-5 1.57 mi 5', 'Burnett Elementary School Public K-5 1.69 mi 5', 'Rancho Dominguez Preparatory Public 6-12 1.75 mi 3', 'Stephens Middle School Public 6-8 1.79 mi 4', 'Dominguez Elementary School Public K-5 1.79 mi 5', 'Barton Elementary School Public K-5 1.86 mi 4', 'Signal Hill Elementary School Public K-5 1.87 mi 8', 'Dooley Elementary School Public K-5 1.89 mi 5', 'Lindsey Academy Public 6-8 1.95 mi 3']",https://www.walkscore.com/score/loc/lat=33.821264/lng=-118.189589/?utm_source=mlslistings.com&utm_medium=ws_api&utm_campaign=ws_api,28
Single Family Residence,"$679,000 ","3545 California Ave, Long Beach, CA 90807",2 beds | 1 bath | year built in: 1936,"1,018","A prime example of a Traditional style home in the well sought after historic neighborhood of California Heights. Just a two block walk to award winning Lowell Middle School and Longfellow Elementary School. The vibrant shopping and dining establishments on Atlantic Avenue and Long Beach Boulevard are only a short stroll away. A wide expanse a fresh green lawn and walkway pavers leads you to the quaint covered front sitting porch. Freshly refinished original blond oak hardwood floors are throughout the home. The spacious light filled living room has a recessed front picture window and tandem will niches. The dining area overlooks the front porch and features original corner display shelves. The expanded kitchen has au courant black hex tile flooring, solid surface quartz countertops, high-end Jenn-Aire appliances and breakfast area with built-in corner benches. The stylish bathroom has corresponding smaller black hex tile flooring, separate stall shower and bath tub, generous counter space and a chic black deep steel framed mirror. Both bedroom feature corner windows, wall sconces and generous closet space. The back yard has a generous patio area ideal for entertaining, park-like lawn and prolific citrus trees. The oversized two car garage is equipped wit","['MLS # : CRPW20009255', 'MLS Source : CRMLS', 'Days on Site : 9', 'Bedrooms : -', 'Bathrooms : -', 'Kitchen : -', 'Dining Room : -', 'Family Room : -', 'Fireplace : None', 'Flooring : -', 'Laundry : In Garage', 'Cooling : None', 'Heating : Floor Furnace', 'Roof : Composition', 'Foundation : Raised', 'Pool : None', 'Style : Traditional', 'Horse Property : -', 'Garage/Parking : Garage: 2 Car(s)', 'Elementary District : Long Beach Unified', 'High School District : Long Beach Unified', 'Unit Levels : -', 'Sewer : -', 'Water : -', 'HOA Fee : $0', 'Complex Amenities : -', 'Zoning : LBR1N']",https://www.mlslistings.com/property/crpw20009255/3545-california-ave-long-beach-ca-90807/10420503,lat=33.821264 | lng=-118.189589,"['Carl Hankey Elementary School Public K-5 0.86 mi 6', 'Carl Hankey Middle School Public 6-8 0.86 mi 8', 'Viejo Elementary School Public K-5 0.93 mi 4', 'Capistrano Valley High School Public 9-12 1.37 mi 8', 'Marian Bergeson Elementary School Public K-5 1.51 mi 7', 'Ladera Ranch Elementary School Public K-5 1.58 mi 9', 'Ladera Ranch Middle School Public 6-8 1.58 mi 10', 'Bathgate Elementary School Public K-5 1.63 mi 7', 'Chaparral Elementary School Public K-5 1.68 mi 9', 'Oso Grande Elementary School Public K-5 1.72 mi 9', 'Niguel Hills Middle School Public 6-8 1.97 mi 8']",https://www.walkscore.com/score/loc/lat=33.5606152/lng=-117.6639052/?utm_source=mlslistings.com&utm_medium=ws_api&utm_campaign=ws_api,80
Townhouse,"$510,000 ","244 California Ct, Mission Viejo, CA 92692",2 beds | 2/1 bath | year built in: 1993,"1,111","Great size two bedroom town home located at private corner location.  Nobody above and below. First floor has tile floor. Sunny and bright living room with many windows and natural sun light. Kitchen is open to living room. New appliances . Landry room is inside the unit with hook up for full size washer and dryer. Completely remodeled  power room near entry. Private patio leading to living room for relaxation or entertainment. Attached one car garage is very convenient to carry groceries in. All new paint inside the room. Second floor has two dual master bed rooms and walk in closet.  Completely remodeled bath rooms in each room with ceiling fans. New carpet through two bedrooms and staircase. There is No Mello Roose.
California Court HOA has pool, Jacuzzi and play ground. Also includes Lake Mission Viejo Membership for fishing and water play.
The complex is located near schools, shopping, restaurants, lake, toll road and much more. Very comfortable to live in  !!!!","['MLS # : CROC20008422', 'MLS Source : CRMLS', 'Days on Site : 10', 'Bedrooms : Master Suite/Retreat, Master Suite/Retreat - 2+,  Other', 'Bathrooms : -', 'Kitchen : Dishwasher, Garbage Disposal, Hood Over Range,  Other, Oven - Gas, Oven Range - Built-In, Oven Range - Gas', 'Dining Room : -', 'Family Room : Other', 'Fireplace : Living Room', 'Flooring : -', 'Laundry : Community Facility, Hookup - Gas Dryer, Laundry Area,  Other', 'Cooling : Ceiling Fan, Central Forced Air, Central Forced Air - Electric, Central Forced Air - Gas', 'Heating : Central Forced Air', 'Roof : -', 'Foundation : -', 'Pool : Community Facility, Spa - Community Facility', 'Style : -', 'Horse Property : -', 'Garage/Parking : Garage: 1 Car(s)', 'Elementary District : Saddleback Valley Unified', 'High School District : Saddleback Valley Unified', 'Unit Levels : -', 'Sewer : -', 'Water : -', 'HOA Fee : $336', 'Complex Amenities : Barbecue Area, Community Pool,  Other', 'Zoning : -']",https://www.mlslistings.com/property/croc20008422/244-california-ct-mission-viejo-ca-92692/10420125,lat=33.5606152 | lng=-117.6639052,"['Barton Elementary School Public K-5 0.56 mi 4', 'Hughes Middle School Public 6-8 0.82 mi 7', 'Longfellow Elementary School Public K-5 0.84 mi 7', 'Dooley Elementary School Public K-5 0.94 mi 5', 'Lindbergh Middle School Public 6-8 1.06 mi 4', 'Addams Elementary School Public K-5 1.09 mi 5', 'Lindsey Academy Public 6-8 1.14 mi 3', 'Los Cerritos Elementary School Public K-5 1.23 mi 9', 'Madison Elementary School Public K-5 1.38 mi 8', 'Harte Elementary School Public K-5 1.48 mi 5', 'Riley Elementary School Public K-5 1.9 mi 6', 'Dominguez Elementary School Public K-5 1.93 mi 5', 'Hoover Middle School Public 6-8 1.94 mi 5', 'Rancho Dominguez Preparatory Public 6-12 1.97 mi 3']",https://www.walkscore.com/score/loc/lat=33.8391032/lng=-118.1824096/?utm_source=mlslistings.com&utm_medium=ws_api&utm_campaign=ws_api,67
Single Family Residence,"$1,449,500 ","308 California St, Huntington Beach, CA 92648",4 beds | 2/1 bath | year built in: 1984,"3,300","Views! Views!! Views!!!

First time ever on market. One of the premier locations downtown and a once-in-a-lifetime opportunity you DON'T WANT TO MISS!!!!!

One of the best locations in the entire Huntington Beach Downtown.  Perched on a bluff above a park on an extremely quiet street, this property is in the middle of everything, yet it is peaceful and quiet.  Approx. 750 yards to the Beach and HB Pier, 500 yards to Main St, and less than half a mile to Pacific City, this approx 3,300 sq ft home has magnificent views from almost every room, a 3 car garage with a workshop, RV parking, and a 1,000+ sq ft rooftop deck with unbelievable 360 degree views.  This deck can easily be turned into a paradise.  Two bedrooms big enough for queen beds and two can fit King beds. 4th Bedroom currently used as Living Room with built-in bar.","['MLS # : CROC20007831', 'MLS Source : CRMLS', 'Days on Site : 11', 'Bedrooms : Master Suite/Retreat,  Other', 'Bathrooms : -', 'Kitchen : Garbage Disposal,  Other, Other,  Pantry', 'Dining Room : Breakfast Bar, Formal Dining Room', 'Family Room : -', 'Fireplace : None', 'Flooring : -', 'Laundry : In Laundry Room', 'Cooling : Ceiling Fan, Central Forced Air', 'Heating : Central Forced Air', 'Roof : -', 'Foundation : -', 'Pool : None', 'Style : -', 'Horse Property : -', 'Garage/Parking : Boat Dock,  Garage, Gate/Door Opener,  Other, Room for Oversized Vehicle, RV Access, Garage: 3 Car(s)', 'Elementary District : -', 'High School District : Huntington Beach Union High', 'Unit Levels : -', 'Sewer : -', 'Water : -', 'HOA Fee : $0', 'Complex Amenities : -', 'Zoning : -']",https://www.mlslistings.com/property/croc20007831/308-california-st-huntington-beach-ca-92648/10419869,lat=33.5606152 | lng=-117.6639052,"['Chapman Elementary School Public K-5 0.35 mi 2', 'Butte County Community School - Lead Public 7-12 0.81 mi N/A', 'Parkview Elementary School Public K-5 1.08 mi 6', 'Chico Junior High School Public 6-8 1.1 mi 5', 'Butte County Rop School Public 9-12 1.22 mi N/A', 'Little Chico Creek Elementary School Public K-5 1.29 mi 5', 'Chico High School Public 9-12 1.37 mi 7', 'Hooker Oak Elementary School Public K-5 1.43 mi 5', 'Marsh (Harry M.) Junior High School Public 6-8 1.59 mi 6', 'Rosedale Elementary School Public K-5 1.6 mi 5', 'Neal Dow Elementary School Public K-5 1.62 mi 5', 'Sierra View Elementary School Public K-5 1.67 mi 10', 'Citrus Avenue Elementary School Public K-5 1.83 mi 2']",https://www.walkscore.com/score/loc/lat=39.7273345/lng=-121.8213579/?utm_source=mlslistings.com&utm_medium=ws_api&utm_campaign=ws_api,65
Single Family Residence,"$318,000 ","5567 California St, Chico, CA 95973",3 beds | 2 bath | year built in: 1978,"1,347","This property offers great homeowner-living value, just a short drive from central Chico.  The home has ""fully owned & paid for"" solar and is an all-electric home!  The home has a large fully fenced corner lot with established fruit trees and excellent soil.  There is room to park your RV and still grow your own fruits and vegetables!  The home has a private well and private septic both of which have been inspected and passed. There is a wood-burning stove in the family room,  there is an attached 2 car garage, and a newer inspected composition shingle roof.  Don't miss this great opportunity for starting to build your equity, or to downsize from your large, expensive to operate home to this low-cost to operate home. The home is just down the street from Nord Elementary School in the small rural neighborhood of Nord.  Family orchard includes several mature fruit trees including; cherry, orange, Fuyu persimmon, plum, pomegranate, peach, pear, grapevines and more.","['MLS # : CRSN20008318', 'MLS Source : CRMLS', 'Days on Site : 12', 'Bedrooms : -', 'Bathrooms : -', 'Kitchen : Dishwasher, Exhaust Fan, Hood Over Range,  Other, Oven - Electric, Oven Range - Electric,  Refrigerator, Exhaust Fan', 'Dining Room : Breakfast Bar,  Other', 'Family Room : Other', 'Fireplace : Family Room,  Other, Wood Burning', 'Flooring : -', 'Laundry : Other', 'Cooling : Central Forced Air, Central Forced Air - Electric', 'Heating : Central Forced Air, Forced Air, Heat Pump, Stove - Wood', 'Roof : Composition', 'Foundation : Slab', 'Pool : None', 'Style : Contemporary', 'Horse Property : -', 'Garage/Parking : Garage,  Other, RV Possible, Garage: 2 Car(s)', 'Elementary District : Chico Unified', 'High School District : Chico Unified', 'Unit Levels : -', 'Sewer : Septic Tank', 'Water : Private,  Well', 'HOA Fee : $0', 'Complex Amenities : -', 'Zoning : AR']",https://www.mlslistings.com/property/crsn20008318/5567-california-st-chico-ca-95973/10419262,lat=33.5606152 | lng=-117.6639052,"['Sunshine Special Education School Public PK-12 0.15 mi N/A', 'Jackson Elementary School Public PK-6 0.53 mi 5', 'Liberty Elementary School Public PK-6 0.61 mi 4', 'Foothill Elementary School Public PK-5 0.76 mi 4', 'Chemawa Middle School Public 7-8 0.95 mi 4', 'Wells Middle School Public 6-8 1.13 mi 2', 'Monroe Elementary School Public PK-6 1.25 mi 4', 'Arlanza Elementary School Public K-5 1.32 mi 3', 'Adams Elementary School Public PK-6 1.4 mi 3', 'Myra Linn Elementary School Public K-5 1.4 mi 4', 'La Granada Elementary School Public PK-5 1.65 mi 3', 'Arlington High School Public 9-12 1.69 mi 4', 'Terrace Elementary School Public K-5 1.7 mi 3', 'Alvord Alternative Education Center Public 9-12 1.8 mi 1', 'Summit Elementary Public K-5 1.8 mi N/A', 'Summit Secondary Public 6-12 1.8 mi N/A', 'Harrison Elementary School Public K-6 1.87 mi 4', 'Norte Vista High School Public 9-12 1.9 mi 3', 'Jefferson Elementary School Public PK-6 1.94 mi 5', 'Collett Elementary School Public PK-5 1.94 mi 3']",https://www.walkscore.com/score/loc/lat=33.929391/lng=-117.451105/?utm_source=mlslistings.com&utm_medium=ws_api&utm_campaign=ws_api,3
Condominium,"$429,900 ","4505 N California Ave #513, Long Beach, CA 90807",2 beds | 2 bath | year built in: 1974,"1,201","Minimal down for owner occupy. This one qualify for FHA BIXBY KNOLLS PENTHOUSE CONDO in exceptional well build building. Top story with easy access by ground floor elevator. No steps to climb. Bright and sunny exposure with beautiful treetop and city lights view. Enclosed balcony, duel energy efficient windows. Kitchen with granite counters and spacious breakfast room. Hardwood floors in living room, dinning area and bedrooms, custom fireplace. Central AC and forced air heating with efficient heat pump. Perfect conditions and move -in ready. Most furniture are included. Located in walking distance to stores and services. Low HOA, low tax rate and no Mellow-Roos tax","['MLS # : CRPW20004745', 'MLS Source : CRMLS', 'Days on Site : 16', 'Bedrooms : Master Suite/Retreat', 'Bathrooms : -', 'Kitchen : Dishwasher,  Microwave,  Other, Oven - Gas,  Refrigerator, Other', 'Dining Room : Breakfast Bar, Dining Area in Living Room, Formal Dining Room, In Kitchen,  Other', 'Family Room : -', 'Fireplace : Gas Burning, Living Room', 'Flooring : -', 'Laundry : Community Facility, In Laundry Room, Laundry Area', 'Cooling : Central Forced Air,  Other', 'Heating : Central Forced Air', 'Roof : Composition,  Other,  Shingle', 'Foundation : Block,  Combination, Concrete Perimeter,  Permanent', 'Pool : None', 'Style : Contemporary,  Traditional', 'Horse Property : -', 'Garage/Parking : Assigned Spaces,  Carport, Common Parking - Shared, Covered Parking,  Garage, Gate/Door Opener,  Other, Parking Space(s), Garage: 1 Car(s)', 'Elementary District : Long Beach Unified', 'High School District : Long Beach Unified', 'Unit Levels : -', 'Sewer : -', 'Water : -', 'HOA Fee : $245', 'Complex Amenities : Additional Storage', 'Zoning : LBCCA']",https://www.mlslistings.com/property/crpw20004745/4505-n-california-ave-513-long-beach-ca-90807/10413790,lat=33.8391032 | lng=-118.1824096,"['Mountain Park School Public K-12 0.54 mi 3', 'Monrovia Community Adult Public n/a 0.6 mi N/A', 'Santa Fe Middle School Public 6-8 0.6 mi 6', 'Maxwell Elementary School Public K-7 0.61 mi 5', 'Canyon Oaks High School Public 9-12 0.66 mi N/A', 'Monroe Elementary School Public K-5 0.66 mi 6', 'Bradoaks Elementary School Public K-5 0.85 mi 6', 'Wild Rose Elementary School Public K-5 0.94 mi 4', 'Clifton Middle School Public 6-8 0.98 mi 7', 'Beardslee Elementary School Public K-7 0.99 mi 5', 'Mount Olive Alternative Education School Public 9-12 1.12 mi N/A', 'Duarte High School Public 9-12 1.29 mi 6', 'Monrovia High School Public 9-12 1.49 mi 7', 'Mayflower Elementary School Public K-5 1.54 mi 7', 'Camino Grove Elementary School Public K-5 1.55 mi 9', 'Plymouth Elementary School Public K-5 1.56 mi 6', 'Rancho Learning Center (Alternative) Public 1-12 1.72 mi 5', 'First Avenue Middle School Public 6-8 2.0 mi 9']",https://www.walkscore.com/score/loc/lat=34.1365406/lng=-117.9936192/?utm_source=mlslistings.com&utm_medium=ws_api&utm_campaign=ws_api,87
Single Family Residence,"$280,000 ","791 California St, Chico, CA 95928",2 beds | 1 bath | year built in: 1990,"1,044","Perfectly updated Chico Charmer. This open floor plan is inviting, light and airy. Including a new roof, new appliances and an updated kitchen and bathroom. Set back off the road with plenty of front yard space and a new fully enclosed fence in the backyard for additional privacy and or pets. Great location with easy access to shopping, freeways, schools and downtown.","['MLS # : CRSN20001961', 'MLS Source : CRMLS', 'Days on Site : 19', 'Bedrooms : Ground Floor Bedroom', 'Bathrooms : -', 'Kitchen : -', 'Dining Room : -', 'Family Room : -', 'Fireplace : None', 'Flooring : Laminate', 'Laundry : In Garage', 'Cooling : Central Forced Air', 'Heating : Central Forced Air', 'Roof : Composition', 'Foundation : -', 'Pool : None', 'Style : -', 'Horse Property : -', 'Garage/Parking : Garage, Garage: 1 Car(s)', 'Elementary District : Chico Unified', 'High School District : Chico Unified', 'Unit Levels : -', 'Sewer : Septic Tank', 'Water : -', 'HOA Fee : $0', 'Complex Amenities : -', 'Zoning : AR']",https://www.mlslistings.com/property/crsn20001961/791-california-st-chico-ca-95928/10409611,lat=39.7273345 | lng=-121.8213579,"['Sunshine Special Education School Public PK-12 0.15 mi N/A', 'Jackson Elementary School Public PK-6 0.53 mi 5', 'Liberty Elementary School Public PK-6 0.61 mi 4', 'Foothill Elementary School Public PK-5 0.76 mi 4', 'Chemawa Middle School Public 7-8 0.95 mi 4', 'Wells Middle School Public 6-8 1.13 mi 2', 'Monroe Elementary School Public PK-6 1.25 mi 4', 'Arlanza Elementary School Public K-5 1.32 mi 3', 'Adams Elementary School Public PK-6 1.4 mi 3', 'Myra Linn Elementary School Public K-5 1.4 mi 4', 'La Granada Elementary School Public PK-5 1.65 mi 3', 'Arlington High School Public 9-12 1.69 mi 4', 'Terrace Elementary School Public K-5 1.7 mi 3', 'Alvord Alternative Education Center Public 9-12 1.8 mi 1', 'Summit Elementary Public K-5 1.8 mi N/A', 'Summit Secondary Public 6-12 1.8 mi N/A', 'Harrison Elementary School Public K-6 1.87 mi 4', 'Norte Vista High School Public 9-12 1.9 mi 3', 'Jefferson Elementary School Public PK-6 1.94 mi 5', 'Collett Elementary School Public PK-5 1.94 mi 3']",https://www.walkscore.com/score/loc/lat=33.929391/lng=-117.451105/?utm_source=mlslistings.com&utm_medium=ws_api&utm_campaign=ws_api,59
Manufactured In Park,"$74,500 ","9391 California Ave #1, Riverside, CA 92503",2 beds | 2 bath | year built in: 1970,"1,368","Fully renovated including laminated floor,kitchen  granite counter top, stainless appliances, microwave, dishwater, double door refrigerator, washer and dryer, new pluming, new garbage disposal, new water heater, renovated roof, new paint inside and outside, water purifier, and new large size storage shed.","['MLS # : CRND20001430', 'MLS Source : CRMLS', 'Days on Site : 22', 'Bedrooms : -', 'Bathrooms : -', 'Kitchen : Other', 'Dining Room : -', 'Family Room : -', 'Fireplace : -', 'Flooring : -', 'Laundry : Other', 'Cooling : Central Forced Air', 'Heating : Central Forced Air', 'Roof : -', 'Foundation : -', 'Pool : Community Facility', 'Style : -', 'Horse Property : -', 'Garage/Parking : Garage: 0 Car(s)', 'Elementary District : Riverside Unified', 'High School District : Riverside Unified', 'Unit Levels : One', 'Sewer : -', 'Water : -', 'HOA Fee : $0', 'Complex Amenities : -', 'Zoning : -']",https://www.mlslistings.com/property/crnd20001430/9391-california-ave-1-riverside-ca-92503/10408702,lat=33.929391 | lng=-117.451105,"['Rancho Learning Center (Alternative) Public 1-12 0.12 mi 5', 'First Avenue Middle School Public 6-8 0.39 mi 9', 'Monrovia High School Public 9-12 0.64 mi 7', 'Camino Grove Elementary School Public K-5 0.87 mi 9', 'Richard Henry Dana Middle School Public 6-8 0.98 mi 9', 'Arcadia High School Public 9-12 1.08 mi 9', 'Foothills Middle School Public 6-8 1.11 mi 10', 'Santa Fe Middle School Public 6-8 1.16 mi 6', 'Mayflower Elementary School Public K-5 1.36 mi 7', 'Holly Avenue Elementary School Public K-5 1.48 mi 10', 'Clifton Middle School Public 6-8 1.59 mi 7', 'Monroe Elementary School Public K-5 1.66 mi 6', 'Plymouth Elementary School Public K-5 1.68 mi 6', 'Highland Oaks Elementary School Public K-5 1.69 mi 9', 'Wild Rose Elementary School Public K-5 1.85 mi 4', 'Maxwell Elementary School Public K-7 1.94 mi 5', 'Baldwin Stocker Elementary School Public K-5 1.94 mi 9']",https://www.walkscore.com/score/loc/lat=34.1373407/lng=-118.0216817/?utm_source=mlslistings.com&utm_medium=ws_api&utm_campaign=ws_api,49
Residential Income,"$2,940,000 ","6767 California St, Winton, CA 95388",- beds | - bath | year built in: 1900,-,Located in Winton. Owner is upgrading each unit as it becomes available. Includes a coin operated laundry.,"['MLS # : CRMC19282858', 'MLS Source : CRMLS', 'Days on Site : 36', 'Bedrooms : -', 'Bathrooms : -', 'Kitchen : Exhaust Fan, Hood Over Range, Oven - Electric, Oven Range - Electric, Exhaust Fan', 'Dining Room : -', 'Family Room : -', 'Fireplace : -', 'Flooring : -', 'Laundry : -', 'Cooling : Window/Wall Unit', 'Heating : Electric', 'Roof : Composition,  Other', 'Foundation : Slab', 'Pool : -', 'Style : -', 'Horse Property : -', 'Garage/Parking : Assigned Spaces, Common Parking Area,  Other, Parking Restrictions, Garage: 0 Car(s)', 'Elementary District : -', 'High School District : -', 'Unit Levels : -', 'Sewer : -', 'Water : -', 'HOA Fee : -', 'Complex Amenities : -', 'Zoning : -']",https://www.mlslistings.com/property/crmc19282858/6767-california-st-winton-ca-95388/10400751,None,"['Rancho Learning Center (Alternative) Public 1-12 0.12 mi 5', 'First Avenue Middle School Public 6-8 0.39 mi 9', 'Monrovia High School Public 9-12 0.64 mi 7', 'Camino Grove Elementary School Public K-5 0.87 mi 9', 'Richard Henry Dana Middle School Public 6-8 0.98 mi 9', 'Arcadia High School Public 9-12 1.08 mi 9', 'Foothills Middle School Public 6-8 1.11 mi 10', 'Santa Fe Middle School Public 6-8 1.16 mi 6', 'Mayflower Elementary School Public K-5 1.36 mi 7', 'Holly Avenue Elementary School Public K-5 1.48 mi 10', 'Clifton Middle School Public 6-8 1.58 mi 7', 'Monroe Elementary School Public K-5 1.66 mi 6', 'Plymouth Elementary School Public K-5 1.68 mi 6', 'Highland Oaks Elementary School Public K-5 1.69 mi 9', 'Wild Rose Elementary School Public K-5 1.85 mi 4', 'Maxwell Elementary School Public K-7 1.94 mi 5', 'Baldwin Stocker Elementary School Public K-5 1.94 mi 9']",https://www.walkscore.com/score/loc/lat=34.1373495/lng=-118.0216736/?utm_source=mlslistings.com&utm_medium=ws_api&utm_campaign=ws_api,None
Condominium,"$569,000 ","1406 S California Ave C, Monrovia, CA 91016",2 beds | 3 bath | year built in: 2009,"1,520","Situated in desired area of Monrovia, this 2-story, 2 bedroom, 3 bath offers an open floor plan with high-vaulted ceilings, an abundance of natural light and lots of great features.  Each floor has one bedroom and is ideal for privacy.  The second floor boasts the living area, dining and kitchen perfect for entertaining.  The kitchen is equipped with stainless steel appliances, quartz countertops and ample cabinets.  Spacious Master Suite with large walk-in closet and cozy balcony.  2-car attached (finished garage) with overhead storage racks.  Some of the great features include: Bamboo hardwood floors on 2nd floor, centralized ethernet and cable wiring closet, security screen door on 1st level at bedroom, luxury vinyl flooring on the 1st floor, MyQ smart garage hub, Ring Doorbell, water purifier, tankless water heater and shutters in both bedrooms.  HOA Amenities include: BBQ area, gated complex, and guest parking. Conveniently located North of the 210 freeway within close proximity to Old Town Monrovia, and the Metro Gold Line. Move-in ready and a MUST SEE!","['MLS # : CRPF19279322', 'MLS Source : CRMLS', 'Days on Site : 37', 'Bedrooms : Master Suite/Retreat', 'Bathrooms : -', 'Kitchen : Dishwasher, Hood Over Range,  Microwave,  Other, Oven Range, Other', 'Dining Room : Breakfast Bar, Formal Dining Room', 'Family Room : -', 'Fireplace : None', 'Flooring : Bamboo', 'Laundry : Hookup - Gas Dryer,  Other', 'Cooling : Central Forced Air', 'Heating : Central Forced Air', 'Roof : -', 'Foundation : -', 'Pool : None', 'Style : -', 'Horse Property : -', 'Garage/Parking : Assigned Spaces,  Garage, Guest / Visitor Parking, Garage: 2 Car(s)', 'Elementary District : Monrovia Unified', 'High School District : Monrovia Unified', 'Unit Levels : -', 'Sewer : -', 'Water : -', 'HOA Fee : $246', 'Complex Amenities : Barbecue Area', 'Zoning : MORM*']",https://www.mlslistings.com/property/crpf19279322/1406-s-california-ave-c-monrovia-ca-91016/10399293,lat=34.1365406 | lng=-117.9936192,"['Rancho Learning Center (Alternative) Public 1-12 0.12 mi 5', 'First Avenue Middle School Public 6-8 0.39 mi 9', 'Monrovia High School Public 9-12 0.64 mi 7', 'Camino Grove Elementary School Public K-5 0.87 mi 9', 'Richard Henry Dana Middle School Public 6-8 0.98 mi 9', 'Arcadia High School Public 9-12 1.08 mi 9', 'Foothills Middle School Public 6-8 1.11 mi 10', 'Santa Fe Middle School Public 6-8 1.16 mi 6', 'Mayflower Elementary School Public K-5 1.36 mi 7', 'Holly Avenue Elementary School Public K-5 1.48 mi 10', 'Clifton Middle School Public 6-8 1.58 mi 7', 'Monroe Elementary School Public K-5 1.66 mi 6', 'Plymouth Elementary School Public K-5 1.68 mi 6', 'Highland Oaks Elementary School Public K-5 1.69 mi 9', 'Wild Rose Elementary School Public K-5 1.85 mi 4', 'Maxwell Elementary School Public K-7 1.94 mi 5', 'Baldwin Stocker Elementary School Public K-5 1.94 mi 9']",https://www.walkscore.com/score/loc/lat=34.1373495/lng=-118.0216736/?utm_source=mlslistings.com&utm_medium=ws_api&utm_campaign=ws_api,66
Manufactured Home,"$114,900 ","24515 California Ave #18, Hemet, CA 92545",2 beds | 2 bath | year built in: 1977,"1,344","NO SPACE RENT! Comfortable home surrounded by hillsides and beautiful view of the Hemet Valley.  Nestled in the hills of beautiful Rhinehart Canyon, this home is surrounded by the beauty of nature and still close to shopping. This 2 bedroom, 2 bath home features recent upgrades throughout.  Most of home is drywall.  Beautiful laminate flooring throughout.  Kitchen has granite countertops, 5 burner stainless cook top, stainless steel sink and eating area in kitchen. The Living Room adjoins the dining area with built in china cabinet; lots of windows give the home plenty of natural light. There is a cozy den off the kitchen, great for watching your favorite shows and relaxing; has sliding door to covered patio area. Guest Bath features double sized shower and granite counters.  The Guest Bedroom provides nice area for your guests.   The Master Bedroom is spacious and has mirrored closet doors.  The adjoining Master Bath has beautiful granite counters, dual sinks, an over-sized tub for relaxing, and a separate shower.  Covered carport and also covered patio area. Backyard has valley views and fenced area with room for garden, etc.  Shed also included.  Homes are staggered so you have a more separated feeling.  Own 1 of 62 shares of Maze Stone Village Corp. s","['MLS # : CRIG19277492', 'MLS Source : CRMLS', 'Days on Site : 47', 'Bedrooms : Ground Floor Bedroom', 'Bathrooms : -', 'Kitchen : Dishwasher,  Other, Other', 'Dining Room : Dining ""L"", In Kitchen', 'Family Room : Other', 'Fireplace : None', 'Flooring : Laminate', 'Laundry : In Laundry Room,  Other', 'Cooling : Central Forced Air', 'Heating : Central Forced Air, Forced Air', 'Roof : -', 'Foundation : Pillar/Post/Pier,  Other', 'Pool : Community Facility,  Fenced,  Gunite,  Heated, In Ground, Spa - Community Facility', 'Style : -', 'Horse Property : -', 'Garage/Parking : Carport,  Other, Garage: 0 Car(s)', 'Elementary District : Hemet Unified', 'High School District : Hemet Unified', 'Unit Levels : -', 'Sewer : -', 'Water : -', 'HOA Fee : $225', 'Complex Amenities : Barbecue Area, Billiard Room, Club House, Community Pool, Picnic Area', 'Zoning : -']",https://www.mlslistings.com/property/crig19277492/24515-california-ave-18-hemet-ca-92545/10392092,lat=34.1365406 | lng=-117.9936192,"['Rancho Learning Center (Alternative) Public 1-12 0.12 mi 5', 'First Avenue Middle School Public 6-8 0.39 mi 9', 'Monrovia High School Public 9-12 0.64 mi 7', 'Camino Grove Elementary School Public K-5 0.87 mi 9', 'Richard Henry Dana Middle School Public 6-8 0.98 mi 9', 'Arcadia High School Public 9-12 1.08 mi 9', 'Foothills Middle School Public 6-8 1.11 mi 10', 'Santa Fe Middle School Public 6-8 1.16 mi 6', 'Mayflower Elementary School Public K-5 1.36 mi 7', 'Holly Avenue Elementary School Public K-5 1.48 mi 10', 'Clifton Middle School Public 6-8 1.58 mi 7', 'Monroe Elementary School Public K-5 1.66 mi 6', 'Plymouth Elementary School Public K-5 1.68 mi 6', 'Highland Oaks Elementary School Public K-5 1.69 mi 9', 'Wild Rose Elementary School Public K-5 1.85 mi 4', 'Maxwell Elementary School Public K-7 1.94 mi 5', 'Baldwin Stocker Elementary School Public K-5 1.94 mi 9']",https://www.walkscore.com/score/loc/lat=34.1373495/lng=-118.0216736/?utm_source=mlslistings.com&utm_medium=ws_api&utm_campaign=ws_api,0
Manufactured In Park,"$70,000 ","9391 California Ave #112, Riverside, CA 92503",2 beds | 2 bath | year built in: 1974,"1,344","Location Location Location!!! This unit is located at the back of the community where it is nice and quiet. It comes with an open concept layout, center kitchen island, 2 bed and 2 bath, small shed, two citrus fruit trees, large patio/porch.","['MLS # : CRIV19274695', 'MLS Source : CRMLS', 'Days on Site : 52', 'Bedrooms : -', 'Bathrooms : -', 'Kitchen : -', 'Dining Room : -', 'Family Room : -', 'Fireplace : -', 'Flooring : -', 'Laundry : In Laundry Room', 'Cooling : -', 'Heating : Central Forced Air', 'Roof : -', 'Foundation : -', 'Pool : Community Facility', 'Style : -', 'Horse Property : -', 'Garage/Parking : Garage: 0 Car(s)', 'Elementary District : Riverside Unified', 'High School District : Riverside Unified', 'Unit Levels : One', 'Sewer : -', 'Water : -', 'HOA Fee : $0', 'Complex Amenities : -', 'Zoning : -']",https://www.mlslistings.com/property/criv19274695/9391-california-ave-112-riverside-ca-92503/10387938,lat=33.929391 | lng=-117.451105,"['Calimesa Elementary School Public K-5 0.45 mi 2', 'Green Valley High School Public 9-12 1.24 mi N/A', 'Green Valley Independent Study School Public 1-12 1.24 mi N/A', 'Wildwood Elementary School Public K-5 1.28 mi 5', 'Mesa View Middle School Public 6-8 1.77 mi 5']",https://www.walkscore.com/score/loc/lat=34.002145/lng=-117.039904/?utm_source=mlslistings.com&utm_medium=ws_api&utm_campaign=ws_api,49
Condominium,"$878,000 ","413 California St C, Arcadia, CA 91006",3 beds | 2/1 bath | year built in: 2019,"1,565","Welcome to California Garden a Newly Built 20 Unit Gated Condo Community in the beautiful city of Arcadia! You have two interior finish styles to choose from Contemporary and Traditional. 3 Bedrooms and 2.5 Bathrooms, attached underground garage parking and units starting at 1,560sqft up to 1,931sqft of living area. Additional Features:

•Kitchen with Jenn-Air Appliances
•Additional Secured Guest Parking
•Marble Kitchen Countertop & Backsplash
•Closets with custom built-in 
•Quartz Bathroom Countertops
•24hr Surveillance System","['MLS # : CRAR19277637', 'MLS Source : CRMLS', 'Days on Site : 53', 'Bedrooms : Other', 'Bathrooms : -', 'Kitchen : -', 'Dining Room : -', 'Family Room : -', 'Fireplace : None', 'Flooring : -', 'Laundry : In Laundry Room', 'Cooling : Central Forced Air', 'Heating : -', 'Roof : -', 'Foundation : -', 'Pool : None', 'Style : -', 'Horse Property : -', 'Garage/Parking : Garage: 2 Car(s)', 'Elementary District : Arcadia Unified', 'High School District : Arcadia Unified', 'Unit Levels : -', 'Sewer : -', 'Water : -', 'HOA Fee : $245', 'Complex Amenities : -', 'Zoning : ARR3*']",https://www.mlslistings.com/property/crar19277637/413-california-st-c-arcadia-ca-91006/10392221,lat=34.1373407 | lng=-118.0216817,"['Nell Dawson Elementary School Public 1-3 0.13 mi 2', 'Henry F. Bishop Elementary School Public K-1 0.18 mi N/A', 'Miles W. Culwell Community Day School Public 7-12 0.27 mi N/A', 'Sunset Elementary School Public 4-5 0.27 mi 2', 'Coalinga Middle School Public 6-8 0.29 mi 2', 'Coalinga High School Public 9-12 0.36 mi 3', 'Annie E. Cheney Kindergarten Public K 0.4 mi N/A', 'Cambridge High School Public 9-12 0.41 mi N/A']",https://www.walkscore.com/score/loc/lat=36.1483739/lng=-120.3659119/?utm_source=mlslistings.com&utm_medium=ws_api&utm_campaign=ws_api,66
Condominium,"$878,000 ","415 California St A, Arcadi#A, CA 91006",3 beds | 2/1 bath | year built in: 2019,"1,565","Welcome to California Garden a Newly Built 20 Unit Gated Condo Community in the beautiful city of Arcadia! You have two interior finish styles to choose from Contemporary and Traditional. 3 Bedrooms and 2.5 Bathrooms, attached underground garage parking and units starting at 1,560sqft up to 1,931sqft of living area. Additional Features:

•Kitchen with Jenn-Air Appliances
•Additional Secured Guest Parking
•Marble Kitchen Countertop & Backsplash
•Closets with custom built-in 
•Quartz Bathroom Countertops
•24hr Surveillance System","['MLS # : CRAR19277644', 'MLS Source : CRMLS', 'Days on Site : 53', 'Bedrooms : Other', 'Bathrooms : -', 'Kitchen : -', 'Dining Room : -', 'Family Room : -', 'Fireplace : None', 'Flooring : -', 'Laundry : In Laundry Room', 'Cooling : Central Forced Air', 'Heating : -', 'Roof : -', 'Foundation : -', 'Pool : None', 'Style : -', 'Horse Property : -', 'Garage/Parking : Garage: 2 Car(s)', 'Elementary District : Arcadia Unified', 'High School District : Arcadia Unified', 'Unit Levels : -', 'Sewer : -', 'Water : -', 'HOA Fee : $245', 'Complex Amenities : -', 'Zoning : ARR3*']",https://www.mlslistings.com/property/crar19277644/415-california-st-a-arcadia-ca-91006/10392229,lat=34.1373495 | lng=-118.0216736,"['Field (Eugene) Elementary School Public K-5 0.46 mi 8', 'Pasadena High School Public 9-12 0.51 mi 6', 'Cis Academy Public 6-12 0.51 mi 2', 'Don Benito Fundamental School Public K-5 0.8 mi 6', 'Norma Coombs Elementary Public K-5 0.95 mi 5', 'Daniel Webster Public K-5 1.34 mi 6', 'Willard Elementary School Public K-5 1.54 mi 5', 'Sierra Madre Elementary School Public K-5 1.55 mi 9', 'Woodrow Wilson Middle School Public 6-8 1.61 mi 4', 'Marshall Fundamental School Public 6-12 1.73 mi 6']",https://www.walkscore.com/score/loc/lat=34.1642396/lng=-118.0830047/?utm_source=mlslistings.com&utm_medium=ws_api&utm_campaign=ws_api,66
Condominium,"$868,000 ","415 California St C, Arcadia, CA 91006",3 beds | 2/1 bath | year built in: 2019,"1,560","Welcome to California Garden a Newly Built 20 Unit Gated Condo Community in the beautiful city of Arcadia! You have two interior finish styles to choose from Contemporary and Traditional. 3 Bedrooms and 2.5 Bathrooms, attached underground garage parking and units starting at 1,560sqft up to 1,931sqft of living area. Additional Features:

•Kitchen with Jenn-Air Appliances
•Additional Secured Guest Parking
•Marble Kitchen Countertop & Backsplash
•Closets with custom built-in 
•Quartz Bathroom Countertops
•24hr Surveillance System","['MLS # : CRAR19277648', 'MLS Source : CRMLS', 'Days on Site : 53', 'Bedrooms : Other', 'Bathrooms : -', 'Kitchen : -', 'Dining Room : -', 'Family Room : -', 'Fireplace : None', 'Flooring : -', 'Laundry : In Laundry Room', 'Cooling : Central Forced Air', 'Heating : -', 'Roof : -', 'Foundation : -', 'Pool : None', 'Style : -', 'Horse Property : -', 'Garage/Parking : Garage: 2 Car(s)', 'Elementary District : Arcadia Unified', 'High School District : Arcadia Unified', 'Unit Levels : -', 'Sewer : -', 'Water : -', 'HOA Fee : $245', 'Complex Amenities : -', 'Zoning : ARR3*']",https://www.mlslistings.com/property/crar19277648/415-california-st-c-arcadia-ca-91006/10392232,lat=34.1373495 | lng=-118.0216736,"['North Verdemont Elementary School Public K-6 1.14 mi 7', 'Cesar E. Chavez Middle School Public 6-8 1.55 mi 6']",https://www.walkscore.com/score/loc/lat=34.216765/lng=-117.3851496/?utm_source=mlslistings.com&utm_medium=ws_api&utm_campaign=ws_api,66
Condominium,"$880,000 ","415 California St B, Arcadia, CA 91006",3 beds | 2/1 bath | year built in: 2019,"1,561","Welcome to California Garden a Newly Built 20 Unit Gated Condo Community in the beautiful city of Arcadia! You have two interior finish styles to choose from Contemporary and Traditional. 3 Bedrooms and 2.5 Bathrooms, attached underground garage parking and units starting at 1,560sqft up to 1,931sqft of living area. Additional Features:

•Kitchen with Jenn-Air Appliances
•Additional Secured Guest Parking
•Marble Kitchen Countertop & Backsplash
•Closets with custom built-in 
•Quartz Bathroom Countertops
•24hr Surveillance System","['MLS # : CRAR19277645', 'MLS Source : CRMLS', 'Days on Site : 53', 'Bedrooms : Other', 'Bathrooms : -', 'Kitchen : -', 'Dining Room : -', 'Family Room : -', 'Fireplace : None', 'Flooring : -', 'Laundry : In Laundry Room', 'Cooling : Central Forced Air', 'Heating : -', 'Roof : -', 'Foundation : -', 'Pool : None', 'Style : -', 'Horse Property : -', 'Garage/Parking : Garage: 2 Car(s)', 'Elementary District : Arcadia Unified', 'High School District : Arcadia Unified', 'Unit Levels : -', 'Sewer : -', 'Water : -', 'HOA Fee : $245', 'Complex Amenities : -', 'Zoning : ARR3*']",https://www.mlslistings.com/property/crar19277645/415-california-st-b-arcadia-ca-91006/10392234,lat=34.1373495 | lng=-118.0216736,"['Field (Eugene) Elementary School Public K-5 0.46 mi 8', 'Pasadena High School Public 9-12 0.51 mi 6', 'Cis Academy Public 6-12 0.51 mi 2', 'Don Benito Fundamental School Public K-5 0.8 mi 6', 'Norma Coombs Elementary Public K-5 0.95 mi 5', 'Daniel Webster Public K-5 1.34 mi 6', 'Willard Elementary School Public K-5 1.54 mi 5', 'Sierra Madre Elementary School Public K-5 1.55 mi 9', 'Woodrow Wilson Middle School Public 6-8 1.61 mi 4', 'Marshall Fundamental School Public 6-12 1.73 mi 6']",https://www.walkscore.com/score/loc/lat=34.1642396/lng=-118.0830047/?utm_source=mlslistings.com&utm_medium=ws_api&utm_campaign=ws_api,66
Land,"$950,000 ","26677 California Ave, Hemet, CA 92545",- beds | - bath | year built in: -,-,Welcome the the Hemet Valley!! This one of a kind opportunity to own your very own mountain top! Great panoramic views from this altitude. The property is located on a well established neighborhood. There is a water meter connected. Fronting California Ave. you have a good size graded area that is read for development. From that area you will have access to the top of the mountain via a dirt road that has been recently graded and widened. From the top you will have an eagles view of the Hemet and San Jacinto area. You will also be able to view Diamond Valley Lake.,"['MLS # : CRSW19272110', 'MLS Source : CRMLS', 'Days on Site : 58', 'Garage/Parking : -', 'Elementary District : -', 'High School District : -', 'Unit Levels : -', 'Sewer : -', 'Water : -', 'HOA Fee : $0', 'Complex Amenities : -', 'Zoning : LZ, SEC']",https://www.mlslistings.com/property/crsw19272110/26677-california-ave-hemet-ca-92545/10383575,None,"['Joshua Tree Elementary School Public K-6 0.63 mi 3', 'Friendly Hills Elementary School Public K-6 1.27 mi 5']",https://www.walkscore.com/score/loc/lat=34.134728/lng=-116.3130661/?utm_source=mlslistings.com&utm_medium=ws_api&utm_campaign=ws_api,None
Manufactured In Park,"$34,000 ","950 California St #40, Calimesa, CA 92320",2 beds | 1 bath | year built in: 1970,900,Floor plan is flowing and comfortable.   Needs someone to make it their own,"['MLS # : CREV19264181', 'MLS Source : CRMLS', 'Days on Site : 72', 'Bedrooms : Ground Floor Bedroom', 'Bathrooms : -', 'Kitchen : Dishwasher, Garbage Disposal,  Other, Oven Range', 'Dining Room : -', 'Family Room : -', 'Fireplace : -', 'Flooring : -', 'Laundry : Other', 'Cooling : Evaporative Cooler', 'Heating : Central Forced Air', 'Roof : Shingle', 'Foundation : -', 'Pool : Community Facility', 'Style : -', 'Horse Property : -', 'Garage/Parking : Carport, Guest / Visitor Parking, Garage: 0 Car(s)', 'Elementary District : -', 'High School District : -', 'Unit Levels : One', 'Sewer : -', 'Water : -', 'HOA Fee : $0', 'Complex Amenities : -', 'Zoning : -']",https://www.mlslistings.com/property/crev19264181/950-california-st-40-calimesa-ca-92320/10370727,lat=34.002145 | lng=-117.039904,"['McKinley School Public K-8 0.57 mi 3', 'Rose City High (Continuation) School Public 9-12 0.6 mi N/A', 'Twilight Adult Public n/a 0.6 mi N/A', 'Jefferson Elementary School Public K-5 0.74 mi 3', 'Madison Elementary School Public K-5 1.17 mi 2', 'Hamilton Elementary School Public K-5 1.2 mi 7', 'Marshall Fundamental School Public 6-12 1.42 mi 6', 'Longfellow (Henry W.) Elementary School Public K-5 1.63 mi 5', 'Blair High School Public 6-12 1.77 mi 4', 'Roosevelt Elementary School Public K-5 1.8 mi 3', 'Norma Coombs Elementary Public K-5 1.89 mi 5']",https://www.walkscore.com/score/loc/lat=34.1456654/lng=-118.1268976/?utm_source=mlslistings.com&utm_medium=ws_api&utm_campaign=ws_api,27
Single Family Residence,"$225,000 ","1237 California St, Coalinga, CA 93210",4 beds | 2 bath | year built in: 1959,"2,040","Location, Location, Location! This wonderful home is located across from the elementary schools and gives wide open views. You will love the spacious floor plan that offers 4 bedrooms or 3 bedrooms and a game room/family room, 2 baths and a huge living room. The kitchen and dining area allows seamless entertaining with a cozy fireplace. The newer dual pane windows, tile flooring in living room, dining and kitchen areas, copper plumbing, and central heating and cooling are valuable amenities. You will not want to miss this one!  As of 12/18/2019 the pool is up and running with new tile. Plaster, light, equipment and pool sweep, and a warranty,  simply beautiful!","['MLS # : CRPI19252314', 'MLS Source : CRMLS', 'Days on Site : 87', 'Bedrooms : Ground Floor Bedroom', 'Bathrooms : -', 'Kitchen : Dishwasher,  Other,  Refrigerator, Other', 'Dining Room : -', 'Family Room : -', 'Fireplace : Dining Room, Family Room', 'Flooring : -', 'Laundry : In Closet', 'Cooling : Central Forced Air', 'Heating : Central Forced Air', 'Roof : -', 'Foundation : -', 'Pool : In Ground, Pool - Yes', 'Style : -', 'Horse Property : -', 'Garage/Parking : Garage: 0 Car(s)', 'Elementary District : Coalinga-Huron Joint Unified', 'High School District : Coalinga-Huron Joint Unified', 'Unit Levels : -', 'Sewer : -', 'Water : -', 'HOA Fee : $0', 'Complex Amenities : -', 'Zoning : -']",https://www.mlslistings.com/property/crpi19252314/1237-california-st-coalinga-ca-93210/10354007,lat=36.1483739 | lng=-120.3659119,"['Palm Elementary School Public K-5 0.14 mi 4', 'Glen View High School Public 9-12 0.27 mi N/A', '21st Century Learning Institute Public K-12 0.28 mi 2', 'Anna Hause Elementary School Public K-5 0.68 mi 4', 'Three Rings Ranch Elementary School Public K-5 0.83 mi 5', 'Sundance Elementary School Public K-5 1.14 mi 6', 'San Gorgonio Middle School Public 6-8 1.26 mi 5', 'Beaumont Adult Public n/a 1.39 mi N/A', 'Mountain View Middle School Public 6-8 1.64 mi 4', 'Starlight Elementary Public K-5 1.88 mi N/A']",https://www.walkscore.com/score/loc/lat=33.9334088/lng=-116.9734685/?utm_source=mlslistings.com&utm_medium=ws_api&utm_campaign=ws_api,31
Residential Income,"$5,650,000 ","628 W California Ave, Vista, CA 92083",- beds | - bath | year built in: 1980,-,"The Las Brisas Apartments is a twenty-two unit multifamily property located in the City of Vista. This asset offers a desirable unit mix of mostly two bedroom units. The property sits on a large lot with a total of 1.43 acres and was re-landscaped with drought resistant plants and drip irrigation. Las Brisas has significant recent renovations including all new air conditioners, new exterior lighting, exterior paint and new asphalt in the rear creating 23 additional parking spaces. The property now has 26 garages and 33 open spaces for a total of 59 parking spaces. Designs for a gazebo, BBQ, tables and benches in the rear have been completed, and work on this is planned to start soon. Twenty of the twenty-two interiors have been renovated in varying degree as well. The interior renovation include new air conditioners, custom interior paint, vinyl plank flooring, new cabinets, granite counter tops, new stainless steel appliances and new vanities in the bathrooms. There is a large laundry room conveniently located on-site, and the building is separately metered for gas and electricity.
This property is in an excellent Vista location right near major retail, educational, and employment opportunities. The property is conveniently located close to CA-78 Freewa","['MLS # : CROC19244809', 'MLS Source : CRMLS', 'Days on Site : 92', 'Bedrooms : -', 'Bathrooms : -', 'Kitchen : Garbage Disposal,  Other, Oven - Gas, Oven Range - Gas', 'Dining Room : -', 'Family Room : -', 'Fireplace : -', 'Flooring : -', 'Laundry : -', 'Cooling : Window/Wall Unit', 'Heating : Wall Furnace', 'Roof : Composition', 'Foundation : -', 'Pool : -', 'Style : -', 'Horse Property : -', 'Garage/Parking : Assigned Spaces,  Garage, Parking Area, Private / Exclusive, Garage: 26 Car(s)', 'Elementary District : -', 'High School District : -', 'Unit Levels : -', 'Sewer : -', 'Water : -', 'HOA Fee : $0', 'Complex Amenities : -', 'Zoning : -']",https://www.mlslistings.com/property/croc19244809/628-w-california-ave-vista-ca-92083/10345787,None,"['Rosa Parks Elementary School Public K-6 0.21 mi 3', 'Lynwood Middle School Public 7-8 0.36 mi 4', 'Lynwood Community Day Public 7-12 0.38 mi 1', 'Wilson Elementary School Public K-6 0.41 mi 4', 'Mark Twain Elementary School Public K-6 0.52 mi 5', 'Hosler Middle School Public 7-8 0.58 mi 2', 'Helen Keller Elementary School Public K-6 0.6 mi 3', 'Washington Elementary School Public K-6 0.68 mi 6', 'Lindbergh Elementary School Public K-6 0.75 mi 3', 'Lynwood Adult Public n/a 0.81 mi N/A', 'Lynwood High School Public 9-12 0.92 mi 3', 'Thurgood Marshall Elementary School Public K-5 0.95 mi 5', 'Janie P. Abbott Elementary School Public K-6 0.96 mi 5', 'Marco Antonio Firebaugh High School Public 9-12 0.97 mi 3', 'Foster Elementary School Public PK-5 0.98 mi 4', 'Roosevelt Elementary School Public K-6 1.01 mi 3', 'Will Rogers Elementary School Public K-6 1.03 mi 6', 'Vista High (Continuation) School Public 9-12 1.13 mi N/A', 'Pathway Independent Study School Public 9-12 1.13 mi N/A', 'Cesar Chavez Middle School Public 6-8 1.13 mi 3']",https://www.walkscore.com/score/loc/lat=33.9198647/lng=-118.2000277/?utm_source=mlslistings.com&utm_medium=ws_api&utm_campaign=ws_api,None
Single Family Residence,"$3,750,000 ","3861 E California Bld, Pasadena, CA 91107",5 beds | 5/1 bath | year built in: 2019,"4,977","A must see brand new, special and one of the kind home situated in the distinctive neighborhood of Michillinda Park. Designed by Architect Craig Stoddard. The living room and the dining room are large and inviting, light filled with wonderful views of the outdoors. Adjacent is the family room with sliding doors that open up to the patio with a BBQ island. kitchen is well equipped with top of the line stainless steel Viking appliances, ready for the gourmet chef, plus a Viking full height wine cellar, beverage center, ample quartz island and two sinks for entertainment. Master bedroom has sitting area, balcony and a fabulous soaking tub with air jets, perfect for relaxing. Four other bedrooms also feature en suite bathrooms. The house has three fireplace and beautiful hardwood floors throughout. The house has whole house water filter system and is wired for internet. The three cars attached garage has plug in for an electric car charging. There is a dedicated area with hook ups for an RV. A large backyard can accommodate a pool with plenty of play area to enjoy. Michillinda Park is a remarkable neighborhood that is not cookie cutter in appearance, close to dining, shopping, entertaining and recreation.","['MLS # : CRAR19245414', 'MLS Source : CRMLS', 'Days on Site : 97', 'Bedrooms : Dressing Area, Master Suite/Retreat', 'Bathrooms : -', 'Kitchen : Dishwasher,  Microwave,  Other, Oven - Double,  Refrigerator,  Dryer,  Washer, Warming Drawer, Other', 'Dining Room : Other', 'Family Room : Other', 'Fireplace : Family Room, Living Room, Master Bedroom', 'Flooring : -', 'Laundry : -', 'Cooling : Central Forced Air', 'Heating : Central Forced Air', 'Roof : -', 'Foundation : -', 'Pool : None', 'Style : -', 'Horse Property : -', 'Garage/Parking : Garage: 3 Car(s)', 'Elementary District : Pasadena Unified', 'High School District : Pasadena Unified', 'Unit Levels : -', 'Sewer : -', 'Water : -', 'HOA Fee : $0', 'Complex Amenities : -', 'Zoning : -']",https://www.mlslistings.com/property/crar19245414/3861-e-california-bld-pasadena-ca-91107/10340699,lat=34.1642396 | lng=-118.0830047,"['Sunshine Special Education School Public PK-12 0.15 mi N/A', 'Jackson Elementary School Public PK-6 0.53 mi 5', 'Liberty Elementary School Public PK-6 0.61 mi 4', 'Foothill Elementary School Public PK-5 0.76 mi 4', 'Chemawa Middle School Public 7-8 0.95 mi 4', 'Wells Middle School Public 6-8 1.13 mi 2', 'Monroe Elementary School Public PK-6 1.25 mi 4', 'Arlanza Elementary School Public K-5 1.32 mi 3', 'Adams Elementary School Public PK-6 1.4 mi 3', 'Myra Linn Elementary School Public K-5 1.4 mi 4', 'La Granada Elementary School Public PK-5 1.65 mi 3', 'Arlington High School Public 9-12 1.69 mi 4', 'Terrace Elementary School Public K-5 1.7 mi 3', 'Alvord Alternative Education Center Public 9-12 1.8 mi 1', 'Summit Elementary Public K-5 1.8 mi N/A', 'Summit Secondary Public 6-12 1.8 mi N/A', 'Harrison Elementary School Public K-6 1.87 mi 4', 'Norte Vista High School Public 9-12 1.9 mi 3', 'Jefferson Elementary School Public PK-6 1.94 mi 5', 'Collett Elementary School Public PK-5 1.94 mi 3']",https://www.walkscore.com/score/loc/lat=33.929391/lng=-117.451105/?utm_source=mlslistings.com&utm_medium=ws_api&utm_campaign=ws_api,31
Land,"$292,500 ","3292 N California St, San Bernardino, CA 92405",- beds | - bath | year built in: -,-,"Build your own commercial or manufacturing property on the perfect corner location. For sale is 1.1 acres of flat buildable land in
the strategical location of the corner of N California Street and Cajon Blvd. You have access to this lot via Cajon Blvd or N
California Street. Easy access to the 215 and the University Pkwy exit that leads to Cal State San Bernardino. There are tremendous possibilities with what you can do on this lot that is being sold along with the lot next to it (026807114) totaling 2.2 acres. Each lot being sold for $292,500 each. Utilities are on the street and ready to be connected. Seller will assist buyer with closing costs if needed.","['MLS # : CRCV19235351', 'MLS Source : CRMLS', 'Days on Site : 98', 'Development Status : -', 'Existing Structures : -', 'Fencing : -', 'Lot Description : Grade - Level', 'Present Use : -', 'Utilities : -', 'Garage/Parking : -', 'Elementary District : -', 'High School District : -', 'Unit Levels : -', 'Sewer : -', 'Water : Other', 'HOA Fee : $0', 'Complex Amenities : -', 'Zoning : LWS']",https://www.mlslistings.com/property/crcv19235351/3292-n-california-st-san-bernardino-ca-92405/10338319,lat=34.216765 | lng=-117.3851496,"['Mountain View Elementary School Public K-5 0.66 mi 5', 'Grace Yokley Middle School Public 6-8 1.02 mi 6', 'Creek View Elementary School Public K-5 1.34 mi 5', 'Colony High School Public 9-12 1.42 mi 6', 'Ranch View Elementary School Public K-5 1.52 mi 6']",https://www.walkscore.com/score/loc/lat=34.0348144/lng=-117.5848025/?utm_source=mlslistings.com&utm_medium=ws_api&utm_campaign=ws_api,0
Single Family Residence,"$5,250,000 ","3171 E California Bld, Pasadena, CA 91107",7 beds | 7/2 bath | year built in: 2019,"9,300","Experience Pasadena's latest French inspired masterpiece! This newly constructed 9,300 square feet French high-rise mansion sits on 30,000 square feet of land on the famous California Avenue. This is the ultimate expression of luxury nestled against the base of the San Gabriel mountains. Come explore the 7 bedrooms, 7 baths, 2 half bathrooms, and spacious kitchen which includes top of the line appliances, including a six-burner stove, double ovens, a built-in refrigerator, and a walk-in pantry. The private, gated driveway leads to a stunning front entrance with sophisticated grand double doors which leads to an impressive entrance with domed ceiling and a luxurious chandelier, and a 3-car garage. The property has beautiful stone flooring throughout the first floor and wood flooring on the second floor. The spacious master bedroom has dual walk-in closets, the bathroom comes with a bath spa, luxurious shower room, and dual vanities. The second floor, in addition to the suites, has an entertainment area, and two separate balconies overlooking the mountain view. The backyard includes a spectacular heated pool, and a spa to relax in while taking the sights.","['MLS # : CRPW19243948', 'MLS Source : CRMLS', 'Days on Site : 100', 'Bedrooms : Ground Floor Bedroom, Master Suite/Retreat', 'Bathrooms : -', 'Kitchen : Garbage Disposal,  Other, Oven Range - Built-In, Other,  Pantry', 'Dining Room : In Kitchen,  Other', 'Family Room : Other, Separate Family Room', 'Fireplace : Living Room', 'Flooring : -', 'Laundry : In Laundry Room', 'Cooling : Central Forced Air', 'Heating : Central Forced Air', 'Roof : -', 'Foundation : -', 'Pool : Above Ground, Pool - Yes', 'Style : -', 'Horse Property : -', 'Garage/Parking : Garage: 3 Car(s)', 'Elementary District : Pasadena Unified', 'High School District : Pasadena Unified', 'Unit Levels : -', 'Sewer : -', 'Water : -', 'HOA Fee : $0', 'Complex Amenities : -', 'Zoning : PSR2']",https://www.mlslistings.com/property/crpw19243948/3171-e-california-bld-pasadena-ca-91107/10335759,lat=34.1642396 | lng=-118.0830047,"['Calimesa Elementary School Public K-5 0.72 mi 2', 'Green Valley High School Public 9-12 1.25 mi N/A', 'Green Valley Independent Study School Public 1-12 1.25 mi N/A', 'Wildwood Elementary School Public K-5 1.29 mi 5', 'Oak View High School & Education Center Public 7-12 1.5 mi N/A', 'Yucaipa Adult Education Public n/a 1.5 mi N/A', 'Valley Elementary School Public K-5 1.97 mi 2']",https://www.walkscore.com/score/loc/lat=34.0177028/lng=-117.0385147/?utm_source=mlslistings.com&utm_medium=ws_api&utm_campaign=ws_api,31
Residential Income,"$4,200,000 ","219 California St, Arcadia, CA 91006",- beds | - bath | year built in: 1958,-,"219 California is an 8-unit turn-key, fully upgraded apartment in the City of Arcadia, California. The property is located within the award-winning Arcadia School District. This offering presents a rare opportunity for investors to acquire a ready to operate and cash-flow property in a superb location; the property is surrounded by condominiums on all sides. The area has a superb demographics with average household income of $102,980 within a mile radius! The property is a large 8,577 square foot building and situated on a large 11,267 square feet lot. It offers excellent unit mix with ALL three bedroom and two bath units. Built in 1959, the property has been thoroughly upgraded in the past 24 months. The major systems have been completely upgraded, such as new copper plumbing, tankless water heater, new central A/C and heat in each unit, washer/dryer in each unit, new kitchen cabinet/countertops, new flooring and new bathroom, new double pane windows throughout, and so much more. The property is separately metered for electricity and gas. Each unit is large with an estimated size of 1,072 square foot (buyer to verify) and has undergone top-down renovation with new central A/C and heat, tankless water heater, new luxury wood flooring, double pane windows","['MLS # : CRAR19241189', 'MLS Source : CRMLS', 'Days on Site : 104', 'Bedrooms : -', 'Bathrooms : -', 'Kitchen : Other,  Dryer,  Washer', 'Dining Room : -', 'Family Room : -', 'Fireplace : -', 'Flooring : -', 'Laundry : -', 'Cooling : Central Forced Air', 'Heating : Central Forced Air', 'Garage/Parking : Assigned Spaces,  Carport,  Detached, Garage: 0 Car(s)', 'Elementary District : -', 'High School District : -', 'Unit Levels : -', 'Sewer : -', 'Water : -', 'HOA Fee : $0', 'Complex Amenities : -', 'Zoning : -']",https://www.mlslistings.com/property/crar19241189/219-california-st-arcadia-ca-91006/10332136,None,"['Norco Intermediate School Public 7-8 0.37 mi 7', 'Sierra Vista Elementary School Public K-6 0.95 mi 5', 'Norco High School Public 9-12 0.96 mi 7', 'Norco Elementary School Public K-6 1.23 mi 7', 'William Mckinley Elementary School Public K-6 1.37 mi 7', 'Cnusd Hybrid School Of Innovation Public 7-12 1.57 mi N/A', 'John F. Kennedy High School Public 10-12 1.77 mi 9', 'Valley View Elementary School Public K-5 1.78 mi 2', 'Riverview Elementary School Public K-6 1.86 mi 5', 'Corona Ranch Elementary School Public K-6 1.99 mi 8']",https://www.walkscore.com/score/loc/lat=33.9226096/lng=-117.5378439/?utm_source=mlslistings.com&utm_medium=ws_api&utm_campaign=ws_api,None
Single Family Residence,"$419,000 ","6767 California Ave, Joshua Tree, CA 92252",2 beds | 2 bath | year built in: 2007,"1,376","Custom Built 2 bedroom 2 bath home, situated in the private and serene desert neighborhood Panorama Heights; just minutes form the Joshua Tree National Park east or west entrance.  This home boasts peaceful vibes with an open concept living room and kitchen area great to entertain guests or relax next to the wood burning stove.  Offering easy maintenance stamped and stained concrete floors throughout, both central heating and air conditioning as well as an evaporative cooler. Ensuite bathroom located in the master as well as outside patio access.  Also located on the property, a large 1100 sq ft detached Quonset Style steel garage; equipped with a 70 amp panel, 110 and 220 plugins, propane and water.  Entry through either of the double steel doors, with an added covered patio area facing the eastern sky to BBQ and enjoy natures amazing sunsets and relax under the stars.","['MLS # : CRJT19240963', 'MLS Source : CRMLS', 'Days on Site : 104', 'Bedrooms : Ground Floor Bedroom', 'Bathrooms : -', 'Kitchen : Other, Oven Range', 'Dining Room : -', 'Family Room : -', 'Fireplace : Living Room, Wood Burning', 'Flooring : -', 'Laundry : Other', 'Cooling : Central Forced Air, Evaporative Cooler', 'Heating : Central Forced Air', 'Roof : -', 'Foundation : -', 'Pool : None', 'Style : -', 'Horse Property : Yes', 'Garage/Parking : Garage: 4 Car(s)', 'Elementary District : Morongo Unified', 'High School District : Morongo Unified', 'Unit Levels : -', 'Sewer : Septic Tank', 'Water : Private', 'HOA Fee : $0', 'Complex Amenities : -', 'Zoning : JT/RL']",https://www.mlslistings.com/property/crjt19240963/6767-california-ave-joshua-tree-ca-92252/10331129,lat=34.134728 | lng=-116.3130661,"['Palmquist Elementary School Public K-5 0.05 mi 5', 'Lincoln Middle School Public 6-8 0.18 mi 4', 'South Oceanside Elementary School Public K-5 0.93 mi 5', 'Mission Elementary School Public K-5 1.39 mi 2', 'Ocean Shores High (Continuation) School Public 9-12 1.44 mi N/A', 'Buena Vista Elementary School Public K-5 1.46 mi 8', 'Oceanside High School Public 9-12 1.52 mi 5', 'E. G. Garrison Elementary School Public K-5 1.55 mi 4', 'Jefferson Middle School Public 6-8 1.58 mi 3', 'Laurel Elementary School Public K-5 1.87 mi 3']",https://www.walkscore.com/score/loc/lat=33.1889813/lng=-117.3498726/?utm_source=mlslistings.com&utm_medium=ws_api&utm_campaign=ws_api,54
Land,"$2,680,000 ","947 E California Bld, Pasadena, CA 91106",- beds | - bath | year built in: -,-,"A prime 0.32 acre vacant raw land development site for 4 luxury townhomesfor sale. 947 East California Boulevard in the city of Pasadena, California is
located in the South Lake Avenue District which is a few blocks from worldrenowned California Institute of Technology (Caltech). Many world class restaurants, national retail stores as well as historical and cultural attractions arenearby. Each of these luxury townhomes will be over 3,000 S.F. of living
space and with a private 2 car garage. A great investment opportunity for builders and residents. Project is in RTI status.","['MLS # : CRAR19237396', 'MLS Source : CRMLS', 'Days on Site : 108', 'Garage/Parking : -', 'Elementary District : -', 'High School District : -', 'Unit Levels : -', 'Sewer : -', 'Water : -', 'HOA Fee : $0', 'Complex Amenities : -', 'Zoning : D1']",https://www.mlslistings.com/property/crar19237396/947-e-california-bld-pasadena-ca-91106/10314801,lat=34.1456654 | lng=-118.1268976,"['Calimesa Elementary School Public K-5 0.45 mi 2', 'Green Valley High School Public 9-12 1.24 mi N/A', 'Green Valley Independent Study School Public 1-12 1.24 mi N/A', 'Wildwood Elementary School Public K-5 1.28 mi 5', 'Mesa View Middle School Public 6-8 1.77 mi 5']",https://www.walkscore.com/score/loc/lat=34.002145/lng=-117.039904/?utm_source=mlslistings.com&utm_medium=ws_api&utm_campaign=ws_api,94
Land,"$1,000,000 ","0 California Ave, Beaumont, CA 92223",- beds | - bath | year built in: -,-,"18.87 ACRE OF CLEAN ALL USABLE LAND, IT HAS A SLIGHT SWELL FROM EAST TO WEST,  BUT EXCELLENT FERTILE SOIL, WITH A PRODUCING WELL ON SITE. IN AREA OF CUSTOM HOME SITES.","['MLS # : CREV19229502', 'MLS Source : CRMLS', 'Days on Site : 114', 'Development Status : -', 'Existing Structures : -', 'Fencing : CrossFenced, Other', 'Lot Description : Agricultural Use, Grade - Gently Sloped, Grade - Sloped Down', 'Present Use : -', 'Utilities : -', 'Roof : -', 'Foundation : -', 'Pool : -', 'Style : -', 'Horse Property : Yes', 'Garage/Parking : -', 'Elementary District : -', 'High School District : -', 'Unit Levels : -', 'Sewer : -', 'Water : Well', 'HOA Fee : $0', 'Complex Amenities : -', 'Zoning : AGR, AGD, DNS, GSL, HP, HI, LSR']",https://www.mlslistings.com/property/crev19229502/0-california-ave-beaumont-ca-92223/10310292,lat=33.9334088 | lng=-116.9734685,"['West Valley High School Public 9-12 1.3 mi 4', 'Cawston Elementary School Public K-5 1.58 mi 5', 'Harmony Elementary School Public K-5 1.89 mi 5', 'Rancho Viejo Middle School Public 6-8 1.91 mi 3']",https://www.walkscore.com/score/loc/lat=33.736074/lng=-117.0205594/?utm_source=mlslistings.com&utm_medium=ws_api&utm_campaign=ws_api,71
Single Family Residence,"$410,000 ","11226 California Ave, Lynwood, CA 90262",2 beds | 1 bath | year built in: 1921,819,"Location, Location, Location! 2 Bedroom, 1 bath, Living room, family room, family room is been used as a bedroom, so it could be a 3 bedroom house. 2 car garage, nice private back yard with fruit trees. Close to the beautiful Plaza Mexico, shopping centers, restaurants, and the freeways. Buyers and Bayer's Agents to perform their due diligence and verify themselves regarding building square feet and permits, lot size, and other information desired. This is a Court Order Sale, so property is being sold ""AS IS"" in present physical condition with no warranties written or implied. No termite inspection will be done. All information provided is deemed reliable, but is not guaranteed and should be independently verified by the buyer.","['MLS # : CRPW19233116', 'MLS Source : CRMLS', 'Days on Site : 115', 'Bedrooms : -', 'Bathrooms : -', 'Kitchen : -', 'Dining Room : -', 'Family Room : Other', 'Fireplace : None', 'Flooring : -', 'Laundry : None', 'Cooling : None', 'Heating : -', 'Roof : -', 'Foundation : -', 'Pool : None', 'Style : -', 'Horse Property : -', 'Garage/Parking : Other, Garage: 2 Car(s)', 'Elementary District : Lynwood Unified', 'High School District : Lynwood Unified', 'Unit Levels : -', 'Sewer : -', 'Water : -', 'HOA Fee : $0', 'Complex Amenities : -', 'Zoning : LYR3YY']",https://www.mlslistings.com/property/crpw19233116/11226-california-ave-lynwood-ca-90262/10307032,lat=33.9198647 | lng=-118.2000277,"['Calimesa Elementary School Public K-5 0.84 mi 2', 'Green Valley High School Public 9-12 1.36 mi N/A', 'Green Valley Independent Study School Public 1-12 1.36 mi N/A', 'Wildwood Elementary School Public K-5 1.39 mi 5', 'Yucaipa Adult Education Public n/a 1.4 mi N/A', 'Oak View High School & Education Center Public 7-12 1.4 mi N/A', 'Valley Elementary School Public K-5 1.88 mi 2']",https://www.walkscore.com/score/loc/lat=34.0197424/lng=-117.0391377/?utm_source=mlslistings.com&utm_medium=ws_api&utm_campaign=ws_api,48
Manufactured In Park,"$65,000 ","9391 California #32, Riverside, CA 92503",2 beds | 2 bath | year built in: 1973,"1,248","Riverside Country Club Estates. This double wide, 2 bed ,2 bath home is ready for a new owner. Located across from all the action IE pool and clubhouse you will never be late for an event! You will find this home to be turn key and very well maintained. ALL IT NEEDS IS YOU! You will love this 55+ community.","['MLS # : CRIV19227444', 'MLS Source : CRMLS', 'Days on Site : 121', 'Bedrooms : -', 'Bathrooms : -', 'Kitchen : -', 'Dining Room : -', 'Family Room : -', 'Fireplace : -', 'Flooring : -', 'Laundry : In Laundry Room', 'Cooling : -', 'Heating : -', 'Roof : -', 'Foundation : -', 'Pool : Community Facility', 'Style : -', 'Horse Property : -', 'Garage/Parking : Garage: 0 Car(s)', 'Elementary District : Riverside Unified', 'High School District : Riverside Unified', 'Unit Levels : One', 'Sewer : -', 'Water : -', 'HOA Fee : $0', 'Complex Amenities : -', 'Zoning : -']",https://www.mlslistings.com/property/criv19227444/9391-california-32-riverside-ca-92503/10298752,lat=33.929391 | lng=-117.451105,"['Needles High School Public 9-12 0.58 mi 3', 'Educational Training Center Public 9-12 0.59 mi N/A', 'Vista Colorado Elementary School Public K-5 0.61 mi 4', 'Needles Middle School Public 6-8 0.62 mi 2', 'Needles Community Day Public 6-12 0.76 mi N/A']",https://www.walkscore.com/score/loc/lat=34.8480597/lng=-114.6141315/?utm_source=mlslistings.com&utm_medium=ws_api&utm_campaign=ws_api,49
Land,"$320,000 ","736 E California St, Ontario, CA 91761",- beds | - bath | year built in: -,-,"Valuable corner lot with double access on both street fronts power line at lot with sewer connection close by. There used to be a single family home on the lot so all utilities were present. Million dollar warehouses right across the street. Used to be zoned heavy industrial now Commercial.  Already fenced with an iron fence and gate. Double your investment as the lot next door is also for sale and you can purchase the lot next to that directly from the city of Ontario to own the entire street frontage. In the airport zone as well so close to the 10fwy the 210 fwy the 71 and the 15 and the 60! Best location. Potential for almost 18,000 square feet if all 3 lots are purchased. There is also street frontage land directly on Mission currently not for sale but it will be one day. This location is outstanding. Put of a warehouse, business or building!","['MLS # : CRPW19281161', 'MLS Source : CRMLS', 'Days on Site : 122', 'Development Status : -', 'Existing Structures : -', 'Fencing : -', 'Lot Description : Grade - Level', 'Present Use : -', 'Utilities : -', 'Garage/Parking : -', 'Elementary District : -', 'High School District : -', 'Unit Levels : -', 'Sewer : -', 'Water : -', 'HOA Fee : $0', 'Complex Amenities : -', 'Zoning : PRKG, LL']",https://www.mlslistings.com/property/crpw19281161/736-e-california-st-ontario-ca-91761/10397515,lat=34.0348144 | lng=-117.5848025,"['McKinley School Public K-8 0.6 mi 3', 'Rose City High (Continuation) School Public 9-12 0.7 mi N/A', 'Twilight Adult Public n/a 0.7 mi N/A', 'Madison Elementary School Public K-5 0.87 mi 2', 'Roosevelt Elementary School Public K-5 0.88 mi 3', 'Blair High School Public 6-12 1.47 mi 4', 'Jefferson Elementary School Public K-5 1.48 mi 3', 'Washington Middle School Public 6-8 1.72 mi 1', 'Washington Accelerated Elementary School Public K-5 1.74 mi 4', 'Longfellow (Henry W.) Elementary School Public K-5 1.77 mi 5', 'San Rafael Elementary School Public K-5 1.8 mi 7', 'Cleveland Elementary School Public K-5 1.99 mi 3']",https://www.walkscore.com/score/loc/lat=34.1466199/lng=-118.1434092/?utm_source=mlslistings.com&utm_medium=ws_api&utm_campaign=ws_api,23
Single Family Residence,"$329,000 ","12993 California St, Yucaipa, CA 92399",3 beds | 2 bath | year built in: 1963,"1,526","This home has a very nice layout for a family. Home has permitted additional square footage added showing on assessor’s county records.  House hosts a spacious lot with an array of fruit trees, garden area, and cozy patio.  There have been several improvements and repairs within the last five years for better efficiency.  House is also located on a corner lot. Newly installed Ring doorbell.","['MLS # : CREV19226633', 'MLS Source : CRMLS', 'Days on Site : 122', 'Bedrooms : Ground Floor Bedroom', 'Bathrooms : -', 'Kitchen : Oven - Double', 'Dining Room : -', 'Family Room : -', 'Fireplace : None', 'Flooring : -', 'Laundry : Hookup - Gas Dryer, In Garage', 'Cooling : Central Forced Air, Central Forced Air - Electric,  Other', 'Heating : -', 'Roof : -', 'Foundation : -', 'Pool : None', 'Style : -', 'Horse Property : -', 'Garage/Parking : Garage: 2 Car(s)', 'Elementary District : Yucaipa-Calimesa Joint Unified', 'High School District : Yucaipa-Calimesa Joint Unified', 'Unit Levels : -', 'Sewer : -', 'Water : -', 'HOA Fee : $0', 'Complex Amenities : -', 'Zoning : -']",https://www.mlslistings.com/property/crev19226633/12993-california-st-yucaipa-ca-92399/10296231,lat=34.0177028 | lng=-117.0385147,"['Calimesa Elementary School Public K-5 0.45 mi 2', 'Green Valley High School Public 9-12 1.24 mi N/A', 'Green Valley Independent Study School Public 1-12 1.24 mi N/A', 'Wildwood Elementary School Public K-5 1.28 mi 5', 'Mesa View Middle School Public 6-8 1.77 mi 5']",https://www.walkscore.com/score/loc/lat=34.002145/lng=-117.039904/?utm_source=mlslistings.com&utm_medium=ws_api&utm_campaign=ws_api,17
Single Family Residence,"$473,800 ","4158 California Ave, Norco, CA 92860",2 beds | 1 bath | year built in: 1945,"1,100","You said you wanted a FARMHOUSE?  You will fall in love as soon as you walk in the doors.  This is an adorable farm house and even has the original detached carriage house/garage made of old brick and mortar. The seller has completely remodeled  the inside and it is beautiful.  The living room has farmhouse ship lap on the walls, there is a new wood burning stove/fireplace and all new light wood tile floors.  The kitchen is charming!  Custom painted cabinets, farmhouse sink and copper faucets.  There is beautiful white subway tile backlash and a farmhouse center island that is new. There is a large laundry room that also has a closet for extra storage. There is a cozy covered patio that has the metal tin covering giving this home more farmhouse charm.  Do you have horses?  The owner has 2 covered stalls (negotiable there are not installed but on the property)  And a awesome dog kennel with separated backyard and  a enclosed indoor area  that includes ac.   There is tons of RV/Boat parking for all your toys and trailers or room to add a pool.  This property has it all and you will not be disappointed. LARGE FLAT USABLE LOT PERFECT FOR HORSES AND TOYS, YOU HAVE ROOM FOR ALL OF THEM!","['MLS # : CRIG19216337', 'MLS Source : CRMLS', 'Days on Site : 131', 'Bedrooms : Ground Floor Bedroom', 'Bathrooms : -', 'Kitchen : Dishwasher, Garbage Disposal,  Other, Oven - Gas, Oven Range - Gas, Other', 'Dining Room : -', 'Family Room : Other', 'Fireplace : Family Room,  None, Wood Burning', 'Flooring : -', 'Laundry : Hookup - Gas Dryer, In Laundry Room,  Other', 'Cooling : Ceiling Fan, Central Forced Air, Central Forced Air - Electric', 'Heating : Central Forced Air,  Fireplace, Stove - Wood', 'Roof : Composition', 'Foundation : Slab', 'Pool : None', 'Style : Cottage', 'Horse Property : Yes', 'Garage/Parking : Garage, Golf Cart,  Other, RV Access, RV Possible, Garage: 2 Car(s)', 'Elementary District : Corona-Norco Unified', 'High School District : Corona-Norco Unified', 'Unit Levels : -', 'Sewer : -', 'Water : -', 'HOA Fee : $0', 'Complex Amenities : -', 'Zoning : A120M']",https://www.mlslistings.com/property/crig19216337/4158-california-ave-norco-ca-92860/10284588,lat=33.9226096 | lng=-117.5378439,"['John R. Peterson Elementary School Public K-5 0.6 mi 8', 'Ethel Dwyer Middle School Public 6-8 0.85 mi 8', 'Agnes L. Smith Elementary School Public K-5 0.97 mi 9', 'S. A. Moffett Elementary School Public K-5 1.26 mi 10', 'Huntington Beach High School Public 9-12 1.28 mi 9', 'Edison High School Public 9-12 1.41 mi 9', 'William T. Newland Elementary School Public K-5 1.55 mi 10', 'Joseph R. Perry Elementary School Public K-5 1.69 mi 6', 'Isaac L. Sowers Middle School Public 6-8 1.71 mi 9', 'Talbert (Samuel E.) Middle School Public 6-8 1.99 mi 9']",https://www.walkscore.com/score/loc/lat=33.6609851/lng=-117.9942483/?utm_source=mlslistings.com&utm_medium=ws_api&utm_campaign=ws_api,10
Land,"$2,600,000 ","1865 California, Oceanside, CA 92054",- beds | - bath | year built in: -,-,"IN THE HEART OF FIRE MOUNTAIN..THIS INCREDIBLE 2.4 ACRES IS BEAUTIFUL..A BUILDERS DREAM.  Already is residential deemed..could be subdivided and build beautiful homes, completely flat usable land.  Currently  has been a nursery and has water on property..Greenhouse doesn't convey..Very easy to show..left of property is a small home and parcel that are not included in 2.4 acre package. Imagine the POSSIBILITIES.  City says you can build 10 units...WHAT A REDUCTION!! Neighborhoods: Fire Mountain Other Fees: 0 Sewer: Sewer Connected","['MLS # : CR190050758', 'MLS Source : CRMLS', 'Days on Site : 133', 'Development Status : -', 'Existing Structures : -', 'Fencing : -', 'Lot Description : -', 'Present Use : -', 'Utilities : Other, Other', 'Garage/Parking : -', 'Elementary District : -', 'High School District : -', 'Unit Levels : -', 'Sewer : -', 'Water : -', 'HOA Fee : $0', 'Complex Amenities : -', 'Zoning : -']",https://www.mlslistings.com/property/cr190050758/1865-california-oceanside-ca-92054/10270870,lat=33.1889813 | lng=-117.3498726,"['David Starr Jordan Middle School Public 6-8 0.65 mi 8', 'El Carmelo Elementary School Public K-5 0.67 mi 9', 'Walter Hays Elementary School Public K-5 0.81 mi 9', 'Palo Alto Adult Education Public n/a 1.0 mi N/A', 'Escondido Elementary School Public K-5 1.02 mi 7', 'Palo Alto High School Public 9-12 1.06 mi 10', 'Ohlone Elementary School Public K-5 1.1 mi 9', 'Addison Elementary School Public K-5 1.2 mi 7', 'Barron Park Elementary School Public K-5 1.3 mi 5', 'Duveneck Elementary School Public K-5 1.35 mi 8', 'Jane Lathrop Stanford Middle School Public 6-8 1.35 mi 9', 'Fairmeadow Elementary School Public K-5 1.37 mi 9', 'Palo Verde Elementary School Public K-5 1.48 mi 9', 'Lucille M. Nixon Elementary School Public K-5 1.49 mi 9', 'Juana Briones Elementary School Public K-5 1.63 mi 9', 'Herbert Hoover Elementary School Public K-5 1.74 mi 9', ""Packard Children's Hospital/Stanford Public K-12 1.94 mi N/A"", 'Terman Middle School Public 6-8 1.98 mi 8']",https://www.walkscore.com/score/loc/lat=37.431036/lng=-122.140533/?utm_source=mlslistings.com&utm_medium=ws_api&utm_campaign=ws_api,37
Manufactured In Park,"$34,000 ","950 California St #38, Calimesa, CA 92320",2 beds | 1 bath | year built in: 1974,720,"ATTENTION ALL SENIOR BACHELORS or BACHELORETTES check this 1 bedroom bath cozy home with your own fir tree and mountain like
 resort backyard.  Garage is a carport and there is also par
 for 1","['MLS # : CREV19215600', 'MLS Source : CRMLS', 'Days on Site : 137', 'Bedrooms : Ground Floor Bedroom', 'Bathrooms : -', 'Kitchen : Other, Oven Range,  Refrigerator', 'Dining Room : -', 'Family Room : -', 'Fireplace : -', 'Flooring : Laminate', 'Laundry : Community Facility,  Other', 'Cooling : Central Forced Air, Evaporative Cooler', 'Heating : Central Forced Air', 'Roof : -', 'Foundation : -', 'Pool : Community Facility', 'Style : -', 'Horse Property : -', 'Garage/Parking : Garage: 0 Car(s)', 'Elementary District : -', 'High School District : -', 'Unit Levels : One', 'Sewer : -', 'Water : Private', 'HOA Fee : $0', 'Complex Amenities : -', 'Zoning : -']",https://www.mlslistings.com/property/crev19215600/950-california-st-38-calimesa-ca-92320/10265761,lat=34.002145 | lng=-117.039904,"['Roosevelt Elementary School Public K-5 0.61 mi 7', 'McKinley Elementary School Public K-5 0.75 mi 8', 'Lincoln Elementary School Public K-5 0.77 mi 9', 'Burlingame High School Public 9-12 0.99 mi 9', 'Burlingame Intermediate School Public 6-8 1.14 mi 9', 'Hoover Elementary Public K-5 1.17 mi 9', 'Franklin Elementary School Public K-5 1.32 mi 9', 'North Hillsborough School Public K-5 1.35 mi 9', 'Mills High School Public 9-12 1.37 mi 9', 'Washington Elementary School Public K-5 1.42 mi 8', 'Spring Valley Elementary School Public K-5 1.48 mi 7', 'Crocker Middle School Public 6-8 1.49 mi 9', 'San Mateo Park Elementary School Public K-5 1.75 mi 3']",https://www.walkscore.com/score/loc/lat=37.587908/lng=-122.365037/?utm_source=mlslistings.com&utm_medium=ws_api&utm_campaign=ws_api,27
Residential Income,"$715,000 ","14200 California Ave, Beaumont, CA 92223",- beds | - bath | year built in: 1949,-,"The sale consists of two adjacent parcels expanding over ± 1.34 acres total, 14200 California Ave and 14202 California Ave. Front house, 3 bed 1.5 bath has been remodeled and includes a garage that was professionally converted to a full 1 bed 1 bath apartment that is not currently permitted. Both dwellings include private yards and the house has a larger rear yard with workshop space.  There is a community well that provides water to each parcel, as well as an exclusive private well to support each parcel if needed.  The front parcel has its own septic system.  The larger rear parcel consists of a remodeled duplex with a 2 bed 1 bath and a 1 bed 1 bath.  Very nice layout within units and easy to maintain rented.  This larger piece also has its own septic system and additional land that is not being used.  Existing GSI is $63,600 before any expenses and offers an attractive cap rate with great upside.","['MLS # : CREV19209677', 'MLS Source : CRMLS', 'Days on Site : 143', 'Bedrooms : -', 'Bathrooms : -', 'Kitchen : Other', 'Dining Room : -', 'Family Room : -', 'Fireplace : -', 'Flooring : -', 'Laundry : -', 'Cooling : Central Forced Air', 'Heating : Central Forced Air', 'Roof : -', 'Foundation : -', 'Pool : None', 'Style : Craftsman', 'Horse Property : -', 'Garage/Parking : Garage: 0 Car(s)', 'Elementary District : -', 'High School District : -', 'Unit Levels : -', 'Sewer : -', 'Water : Well', 'HOA Fee : -', 'Complex Amenities : -', 'Zoning : -']",https://www.mlslistings.com/property/crev19209677/14200-california-ave-beaumont-ca-92223/10255301,None,"['John R. Peterson Elementary School Public K-5 0.62 mi 8', 'Ethel Dwyer Middle School Public 6-8 0.68 mi 8', 'Agnes L. Smith Elementary School Public K-5 0.78 mi 9', 'Huntington Beach High School Public 9-12 0.95 mi 9', 'S. A. Moffett Elementary School Public K-5 1.17 mi 10', 'William T. Newland Elementary School Public K-5 1.32 mi 10', 'Joseph R. Perry Elementary School Public K-5 1.36 mi 6', 'Edison High School Public 9-12 1.55 mi 9', 'Isaac L. Sowers Middle School Public 6-8 1.69 mi 9', 'Huntington Seacliff Elementary School Public K-5 1.71 mi 10', 'Talbert (Samuel E.) Middle School Public 6-8 1.76 mi 9']",https://www.walkscore.com/score/loc/lat=33.6662328/lng=-117.9942113/?utm_source=mlslistings.com&utm_medium=ws_api&utm_campaign=ws_api,None
Land,"$8,000,000 ","123456 California, Winchester, CA 92596",- beds | - bath | year built in: -,-,"77.29 acres of incredible potential for investors and developers! Prime corner lot at the intersection of California, Stowe, and Stetson. Strategically situated next to the future realigned SR-79 and between the interchanges on Florida and Grand Ave. Expect high visibility and heavy traffic flow in the future as the realigned SR-79 becomes a major north-south route of San Jacinto valley, bridging I-15 and I-10. Adjacent parcel 465-080-007 (160 acres) is also for sale by the same owners. Currently under the jurisdiction of Riverside County. Zoned residential under Riverside County and Hemet's general plans, and industrial / commercial under Winchester. There's a planned Metro station on Grand Ave and a business park across the street on Stowe. Water and electricity connected. Just 2 miles north of Diamond Valley Lake. Please check with Riverside County for further details on the SR-79 Realignment Project.","['MLS # : CROC19190871', 'MLS Source : CRMLS', 'Days on Site : 167', 'Development Status : -', 'Existing Structures : -', 'Fencing : -', 'Lot Description : Grade - Rolling', 'Present Use : -', 'Utilities : -', 'Garage/Parking : -', 'Elementary District : -', 'High School District : -', 'Unit Levels : -', 'Sewer : -', 'Water : -', 'HOA Fee : $0', 'Complex Amenities : -', 'Zoning : PRKG, RSLP']",https://www.mlslistings.com/property/croc19190871/123456-california-winchester-ca-92596/10186926,None,"['Joshua Tree Elementary School Public K-6 0.63 mi 3', 'Friendly Hills Elementary School Public K-6 1.27 mi 5']",https://www.walkscore.com/score/loc/lat=34.134728/lng=-116.3130661/?utm_source=mlslistings.com&utm_medium=ws_api&utm_campaign=ws_api,None
Land,"$16,000,000 ","0 California, Hemet, CA 92545",- beds | - bath | year built in: -,-,"~240 acres of incredible potential! Prime corner location at the intersection of California, Stowe, and Stetson. Strategically situated near the future realigned SR-79 and between the interchanges on Florida Ave and Grand. High visibility with 1.3 miles of road frontage. Expect heavy traffic volume in the future as the realigned SR-79 becomes the main north-south route of San Jacinto valley, bridging I-15 and I-10. Two adjoining parcels included in the sale: 465-080-007 (160 acres) and 465-080-008 (77.29 acres). Currently under the jurisdiction of Riverside County. Zoned residential under Riverside County and Hemet's general plans, and industrial / commercial under Winchester. There's a planned Metro station on Grand Ave and a business park across the street on Stowe. Water and electricity connected. Just 2 miles north of Diamond Valley Lake. Please check with Riverside County for further details on the SR-79 Realignment Project.","['MLS # : CROC19189839', 'MLS Source : CRMLS', 'Days on Site : 168', 'Development Status : -', 'Existing Structures : -', 'Fencing : -', 'Lot Description : Grade - Gently Sloped, Grade - Rolling, Grade - Steep', 'Present Use : -', 'Utilities : -', 'Garage/Parking : -', 'Elementary District : -', 'High School District : -', 'Unit Levels : -', 'Sewer : -', 'Water : -', 'HOA Fee : $0', 'Complex Amenities : -', 'Zoning : PRKG, GSL, LZ, RSLP, SSLP']",https://www.mlslistings.com/property/croc19189839/0-california-hemet-ca-92545/10185068,lat=33.736074 | lng=-117.0205594,"['Gabriela Mistral Elementary Public K-5 0.41 mi 7', 'Mariano Castro Elementary School Public K-5 0.46 mi 6', 'Adult Education Public n/a 0.72 mi N/A', 'Mvwsd Home & Hospital Public K-8 0.78 mi N/A', 'Stevenson Elementary School Public K-5 0.78 mi 9', 'Theuerkauf Elementary School Public K-5 0.83 mi 6', 'Isaac Newton Graham Middle School Public 6-8 0.85 mi 7', 'Edith Landels Elementary School Public K-5 0.97 mi 8', 'Almond Elementary School Public K-6 1.04 mi 9', 'Benjamin Bubb Elementary School Public K-5 1.07 mi 7', 'Monta Loma Elementary School Public K-5 1.16 mi 7', 'Independent Study Program School Public K-8 1.22 mi N/A', 'Crittenden Middle School Public 6-8 1.26 mi 6', 'Los Altos High School Public 9-12 1.38 mi 9', 'Frank L. Huff Elementary School Public K-5 1.48 mi 9', 'Ardis G. Egan Junior High School Public 7-8 1.64 mi 8', 'Springer Elementary School Public K-6 1.65 mi 9', 'Santa Rita Elementary School Public K-6 1.9 mi 8', 'Greendell School Public K-5 1.92 mi N/A', 'Covington Elementary School Public K-6 2.0 mi 9']",https://www.walkscore.com/score/loc/lat=37.394046/lng=-122.086834/?utm_source=mlslistings.com&utm_medium=ws_api&utm_campaign=ws_api,4
Land,"$339,000 ","0 California, San Jacinto, CA ",- beds | - bath | year built in: -,-,"AN ENTIRE MOUNTAIN!
Perfect for hillside Ranch, off-road, outdoor recreation, or a custom home site far from the madding crowd.
170 Acres….take a video tour!  Priced to move fast - an entire Mountain!

This includes 3 parcels that total 170.12 Acres","['MLS # : CRSW19187702', 'MLS Source : CRMLS', 'Days on Site : 170', 'Development Status : -', 'Existing Structures : -', 'Fencing : -', 'Lot Description : Agricultural Use', 'Present Use : -', 'Utilities : -', 'Garage/Parking : -', 'Elementary District : -', 'High School District : -', 'Unit Levels : -', 'Sewer : -', 'Water : -', 'HOA Fee : $0', 'Complex Amenities : -', 'Zoning : AGR, NL']",https://www.mlslistings.com/property/crsw19187702/0-california-san-jacinto-ca-/10178607,None,"['Calimesa Elementary School Public K-5 0.74 mi 2', 'Green Valley High School Public 9-12 1.32 mi N/A', 'Green Valley Independent Study School Public 1-12 1.32 mi N/A', 'Wildwood Elementary School Public K-5 1.35 mi 5', 'Mesa View Middle School Public 6-8 1.81 mi 5']",https://www.walkscore.com/score/loc/lat=33.9980888/lng=-117.0388412/?utm_source=mlslistings.com&utm_medium=ws_api&utm_campaign=ws_api,None
